Condition,Year,Make,Model,Price
Used,2025,Volkswagen,Taos 1.5T S,24998.0
Used,2025,Volkswagen,Taos 1.5T SEL,29582.0
Used,2026,Jeep,Wrangler Sahara,44594.0
Used,2021,BMW,X3 xDrive30i,31899.0
Used,2023,LEXUS,ES 250,36693.0
Used,2023,Jeep,Grand Cherokee Summit,39233.0
Used,2019,BMW,M850i M850i xDrive,44197.0
Used,2025,BMW,430i,47335.0
Used,2024,LEXUS,RX 350 Premium Plus,56257.0
Used,2025,Volkswagen,Taos 1.5T S,25772.0
Used,2025,Volkswagen,Taos 1.5T SE Black,26960.0
Certified Pre-Owned,2025,Honda,CR-V LX,28948.0
Used,2026,Nissan,Rogue Rock Creek,29697.0
Used,2025,Volkswagen,Tiguan 2.0T SE,31802.0
Used,2025,Volkswagen,Tiguan 2.0T SE,31955.0
Certified Pre-Owned,2025,Acura,ADX,33297.0
Used,2026,Jeep,Grand Cherokee Laredo Altitude,40696.0
Used,2025,Honda,CR-V Hybrid Sport Touring,40697.0
Used,2026,Volkswagen,Atlas Cross Sport SEL R-Line Black,44697.0
Used,2025,BMW,X1 M35i,45688.0
Certified Pre-Owned,2026,Acura,MDX w/Technology Package,49471.0
Certified Pre-Owned,2026,Mercedes,2026 Mercedes-Benz E 350 4MATIC®,64133.0
Used,2026,Chevrolet,Silverado 2500 HD ZR2,77688.0
Used,2016,BMW,X1 xDrive28i,12196.0
Used,2020,Nissan,Pathfinder Platinum,12997.0
Used,2018,Volkswagen,Tiguan 2.0T SE,15446.0
Used,2020,BMW,X1 sDrive28i,16138.0
Used,2023,Nissan,Leaf SV PLUS,20695.0
Used,2025,Volkswagen,Taos 1.5T SE,26604.0
Used,2026,Volkswagen,Taos 1.5T SE,26741.0
Used,2021,Ford,F-150,27197.0
Certified Pre-Owned,2026,Volkswagen,Taos 1.5T S,27331.0
Used,2025,Subaru,Impreza Sport,27688.0
Used,2021,BMW,X3 M40i,28368.0
Used,2024,Chrysler,Pacifica Touring L,28678.0
Used,2024,Honda,HR-V EX-L w/BSI,28688.0
Used,2026,Ford,Escape Active,28694.0
Used,2020,BMW,X5 xDrive40i,29176.0
Used,2026,Volkswagen,Taos 1.5T SE,29240.0
Used,2026,Volkswagen,Taos 1.5T SE,29336.0
Used,2026,Volkswagen,Taos 1.5T SE,29339.0
Used,2026,Subaru,Crosstrek Premium,29517.0
Used,2026,Toyota,Camry LE,30685.0
Used,2026,Toyota,Camry LE,30695.0
Used,2022,Audi,A5 45 S line Premium,31594.0
Used,2024,Ford,Bronco Sport Outer Banks,31695.0
Used,2026,Toyota,Camry SE,32119.0
Used,2026,Toyota,Camry SE,32820.0
Used,2025,Toyota,RAV4 XLE,33385.0
Used,2025,Toyota,RAV4 XLE,33385.0
Used,2025,Toyota,Camry SE,33507.0
Used,2022,BMW,X5 xDrive40i,33597.0
Used,2025,Audi,A3 2.0T Premium,34567.0
Used,2026,Honda,Accord Hybrid EX-L,34897.0
Used,2020,BMW,X4 M Competition,34997.0
Certified Pre-Owned,2026,Honda,CR-V EX,36620.0
Certified Pre-Owned,2023,BMW,X3 xDrive30i,36694.0
Used,2025,Subaru,Ascent Onyx Edition,38588.0
Certified Pre-Owned,2025,Audi,Q3 Premium Plus,38647.0
Used,2023,Acura,TLX w/A-Spec Package,38697.0
Certified Pre-Owned,2023,Audi,S3 Premium Plus,40648.0
Used,2025,Kia,Telluride EX X-Line,42306.0
Used,2023,BMW,5 Series 540i xDrive,43678.0
Used,2024,Ford,Mustang,44688.0
Used,2022,BMW,X7 xDrive40i,45918.0
Certified Pre-Owned,2025,Audi,Q5 Sportback 2.0T Premium Plus,48197.0
Used,2026,Toyota,Crown Signia Limited,49690.0
Used,2024,Audi,SQ5 Sportback 3.0T Premium,51188.0
Used,2026,Honda,Passport TrailSport Elite Blackout,51288.0
Used,2023,Maserati,Grecale Trofeo,52688.0
Used,2026,Volvo,V60 Cross Country Ultra,53694.0
Certified Pre-Owned,2026,Audi,Q7 Premium Plus,60988.0
Used,2026,Toyota,Grand Highlander Hybrid LE,62217.0
Certified Pre-Owned,2026,Mercedes,2026 Mercedes-Benz E-Class 4MATIC,68678.0
Used,2013,Chevrolet,Corvette 427,70678.0
Used,2025,Ford,Bronco Raptor,74618.0
Certified Pre-Owned,2026,Mercedes,2026 Mercedes-Benz AMG GLC 43 4MATIC,74678.0
Used,2025,LEXUS,GX 550 Premium+,83087.0
Used,2024,BMW,M3 Competition xDrive,84997.0
Certified Pre-Owned,2025,Porsche,718 Cayman S,103394.0
Used,2025,Mercedes,2025 Mercedes-Benz GLS Maybach GLS 600,157555.0
Certified Pre-Owned,2024,Porsche,718 Cayman GT4 RS,250696.0
Certified Pre-Owned,2024,Porsche,911 Turbo,300683.0
Used,2016,Hyundai,Accent SE,8188.0
Used,2015,Nissan,Rogue SV,8493.0
Used,2016,Jeep,Patriot High Altitude Edition,8598.0
Used,2014,Ford,Fusion Hybrid SE,8678.0
Used,2008,Toyota,Sienna,8685.0
Used,2013,Subaru,Outback 2.5i Premium (CVT),8696.0
Used,2016,Chrysler,Town & Country Touring,8697.0
Used,2015,Hyundai,Elantra Limited,8999.0
Used,2004,BMW,323Ci,9990.0
Used,2009,Toyota,Corolla LE,10038.0
Used,2017,Chevrolet,Trax LT,10424.0
Used,2014,Subaru,Forester 2.5i Limited,10763.0
Used,2019,Jeep,Compass Upland Edition,11396.0
Used,2016,Hyundai,Genesis Coupe 3.8L Base,11678.0
Used,2009,GMC,Canyon,11678.0
Used,2012,Nissan,Frontier SV V6 Crew Cab,11679.0
Used,2018,Audi,Q3 2.0T,12188.0
Used,2018,Chevrolet,Equinox LT,12306.0
Used,2017,Jeep,Grand Cherokee Limited RWD,12470.0
Used,2017,Nissan,Juke SV,12696.0
Used,2015,Honda,Pilot EX,13688.0
Used,2020,Volkswagen,Passat 2.0T SE,13696.0
Used,2017,Mercedes,2017 Mercedes-Benz E-Class E 300,13988.0
Used,2015,Toyota,Camry SE,14133.0
Used,2020,Kia,Forte GT-Line,14148.0
Used,2017,Honda,Civic EX,14188.0
Used,2020,Hyundai,Sonata SE,14696.0
Used,2020,Toyota,Corolla Hybrid Hybrid LE,14948.0
Used,2019,Chevrolet,Equinox LT,15249.0
Used,2020,Dodge,Charger SXT,15597.0
Used,2017,Honda,Civic EX,15618.0
Used,2019,Volkswagen,Atlas 3.6L V6 SE,15848.0
Used,2019,Subaru,Ascent Premium 8-Passenger,16111.0
Used,2016,Jeep,Wrangler Unlimited Willys Wheeler,16123.0
Used,2015,Ford,F-150 XLT,16436.0
Used,2017,MINI,Countryman Cooper S,16616.0
Used,2020,Nissan,Altima 2.5 SV,16678.0
Used,2017,Mercedes,2017 Mercedes-Benz GLE 350,16696.0
Used,2017,Hyundai,Santa Fe Sport 2.0L Turbo Ultimate,16792.0
Used,2018,BMW,X5 xDrive35i,17053.0
Used,2015,Honda,Odyssey Touring,17397.0
Used,2018,Chevrolet,Equinox Premier,17452.0
Used,2022,Hyundai,Elantra SEL,17548.0
Used,2019,Ford,F-150 XL,17548.0
Used,2015,Toyota,RAV4 XLE,17685.0
Used,2017,Audi,A4 2.0T ultra Premium,17723.0
Used,2016,Honda,HR-V LX,17848.0
Used,2021,Honda,HR-V LX,17988.0
Used,2017,Honda,Civic LX,18221.0
Used,2024,Nissan,Sentra SV,18263.0
Used,2013,Honda,Ridgeline RTL,18448.0
Used,2017,Jeep,Wrangler JK Unlimited Sport,18448.0
Used,2002,Lincoln,Blackwood,18696.0
Used,2019,Acura,ILX with Premium Pkg,18787.0
Used,2023,Volkswagen,Taos 1.5T S,19081.0
Used,2018,Acura,RDX with Technology Pkg,19197.0
Used,2016,Honda,Accord EX-L,19597.0
Used,2016,Honda,Pilot EX-L,19712.0
Used,2025,Hyundai,Elantra SEL Convenience,19745.0
Used,2025,Volkswagen,Jetta 1.5T SE,19886.0
Used,2018,BMW,X5 xDrive35i,19920.0
Used,2016,LEXUS,IS 300 300,19956.0
Used,2019,Audi,e-tron Premium Plus,19997.0
Used,2021,Honda,Accord Sport SE 1.5T,19998.0
Used,2019,Toyota,Prius XLE,19998.0
Used,2025,Nissan,Sentra SV,20163.0
Used,2016,Honda,CR-V EX,20397.0
Used,2019,Toyota,RAV4 LE,20547.0
Certified Pre-Owned,2024,Nissan,Sentra SV,20563.0
Certified Pre-Owned,2024,Nissan,Kicks SV,20588.0
Used,2013,Ford,Mustang,20635.0
Used,2020,Honda,Civic Sedan EX-L,20647.0
Used,2025,Vinfast,VF 8 Eco,20694.0
Used,2020,Mercedes,2020 Mercedes-Benz GLC 300,20696.0
Used,2025,Ford,Escape ST-Line Select,20797.0
Used,2025,Toyota,Corolla LE,21256.0
Used,2022,Honda,HR-V Sport,21423.0
Used,2019,Audi,A4 Premium Plus,21438.0
Used,2025,Chevrolet,Malibu 1LT,21591.0
Used,2025,Nissan,Sentra SV,21688.0
Used,2022,Audi,A4 40 Premium,21690.0
Certified Pre-Owned,2023,Volkswagen,Tiguan 2.0T S,21696.0
Used,2024,Kia,Seltos EX,21999.0
Used,2025,Hyundai,Sonata SEL,22071.0
Used,2024,Volkswagen,Taos 1.5T S,22196.0
Used,2016,Mercedes,2016 Mercedes-Benz C-Class C 450 AMG,22497.0
Used,2018,Honda,Ridgeline RTL-E,22497.0
Used,2019,BMW,X2 M35i,22648.0
Used,2023,Ford,Mustang,22678.0
Used,2025,Nissan,Rogue S,22678.0
Used,2018,Volkswagen,Beetle 2.0T S,22696.0
Used,2019,Chevrolet,Suburban LT,22997.0
Used,2021,Volkswagen,Atlas Cross Sport 3.6L V6 SEL Premium R-Line 4MOTION,22998.0
Used,2025,Nissan,Sentra SR,23055.0
Used,2021,Kia,Telluride EX,23350.0
Used,2023,Nissan,Rogue SV,23568.0
Used,2020,Mercedes,2020 Mercedes-Benz E-Class E 350,23598.0
Used,2021,Volkswagen,Atlas 2.0T SE w/Technology 4MOTION,23696.0
Used,2022,Chevrolet,Silverado 1500 LTD Custom,24043.0
Used,2025,Kia,Seltos S,24056.0
Certified Pre-Owned,2021,Mercedes,2021 Mercedes-Benz GLB 250,24163.0
Certified Pre-Owned,2025,Nissan,Rogue SV,24189.0
Used,2023,Toyota,Corolla SE,24197.0
Used,2021,Acura,RDX,24247.0
Used,2023,Honda,HR-V LX,24248.0
Used,2019,Toyota,Highlander SE V6,24267.0
Used,2022,Volkswagen,Tiguan 2.0T SE R-Line Black,24725.0
Used,2023,Volkswagen,Tiguan 2.0T SE,24810.0
Used,2024,Honda,Accord LX,24848.0
Used,2020,BMW,X5 xDrive40i,24980.0
Used,2021,BMW,330i,24990.0
Used,2022,Jeep,Compass Limited,24998.0
Used,2021,Jeep,Wrangler Unlimited Sahara,24998.0
Used,2021,Toyota,RAV4 LE,24998.0
Used,2023,Volkswagen,Tiguan 2.0T SE,25376.0
Used,2023,Toyota,Camry SE,25616.0
Used,2024,Honda,HR-V LX,25626.0
Used,2022,Audi,Q5 45 S Line Premium,25648.0
Used,2024,Toyota,Corolla SE,25686.0
Used,2024,Honda,Civic Sport,25688.0
Used,2024,Honda,HR-V LX,25948.0
Used,2021,Kia,Stinger GT,25975.0
Used,2024,Kia,Sportage EX,26086.0
Certified Pre-Owned,2024,Honda,HR-V LX,26238.0
Used,2019,Ram,1500 Big Horn/Lone Star,26438.0
Used,2024,Honda,HR-V Sport,26448.0
Used,2024,Honda,Civic Sport,26448.0
Used,2023,Kia,K5 GT,26494.0
Used,2024,Honda,Civic Sport,26548.0
Certified Pre-Owned,2024,Honda,Civic EX,26648.0
Used,2022,Nissan,Murano Platinum,26936.0
Used,2025,Buick,Envista Sport Touring,26983.0
Used,2025,Mazda,CX-5 2.5 S Preferred Package,26997.0
Used,2022,Hyundai,Tucson Hybrid Limited,27201.0
Used,2020,LEXUS,NX 300 NX 300,27369.0
Used,2024,Honda,Accord Hybrid Sport,27548.0
Used,2024,Toyota,Camry SE,27617.0
Used,2024,Jeep,Wrangler 4xe Sport,27678.0
Used,2024,Jeep,Wrangler 4xe Sport,27678.0
Used,2022,Acura,ILX Technology & A-Spec Packages,27678.0
Used,2024,Toyota,Camry SE,27685.0
Used,2008,Toyota,FJ Cruiser Base,27685.0
Certified Pre-Owned,2024,Honda,HR-V Sport,27948.0
Used,2023,Jeep,Grand Cherokee L Limited,28104.0
Used,2023,Toyota,Camry Hybrid SE,28106.0
Used,2025,Honda,HR-V Sport,28248.0
Used,2022,Toyota,Camry Hybrid XSE,28396.0
Used,2024,Honda,Civic Sport,28610.0
Certified Pre-Owned,2024,Honda,Accord Hybrid EX-L,28648.0
Used,2024,Toyota,RAV4 XLE,28673.0
Used,2024,Kia,Sorento S,28688.0
Used,2024,Volkswagen,Atlas 2.0T SE w/Technology,28696.0
Used,2024,Kia,Sportage X-Line,28696.0
Used,2024,Audi,A3 40 Premium,28980.0
Used,2024,Honda,CR-V EX,29120.0
Used,2020,BMW,X5 sDrive40i,29268.0
Used,2024,Jeep,Wrangler 4xe Sport,29678.0
Used,2024,Jeep,Wrangler 4xe Sport,29678.0
Used,2025,Honda,Civic Sport,29686.0
Used,2024,Chevrolet,Blazer EV RWD RS,29694.0
Used,2023,Audi,Q4 e-tron Sportback Premium Plus,29995.0
Used,2023,Hyundai,Santa Fe Calligraphy,29998.0
Used,2024,Jeep,Wrangler 4xe Sahara,29998.0
Used,2024,Toyota,RAV4 XLE,29998.0
Used,2023,Ford,Explorer XLT,30322.0
Certified Pre-Owned,2022,BMW,X3 sDrive30i,30360.0
Used,2025,Honda,Accord SE,30538.0
Used,2021,Honda,Accord Touring,30548.0
Used,2021,Honda,Pilot Elite AWD,30678.0
Used,2023,Honda,CR-V Hybrid Sport,30685.0
Used,2023,Hyundai,Palisade SEL,30693.0
Certified Pre-Owned,2019,Porsche,Macan,30696.0
Used,2024,Volvo,S60 B5 Core Dark,30696.0
Used,2022,Acura,MDX FWD with Technology Package,30697.0
Certified Pre-Owned,2022,Mercedes,2022 Mercedes-Benz GLC 300,30697.0
Used,2024,Honda,HR-V EX-L w/BSI,30963.0
Used,2023,Honda,Ridgeline Sport,31128.0
Used,2024,Toyota,RAV4 XLE,31170.0
Certified Pre-Owned,2024,Honda,CR-V EX,31185.0
Used,2023,Audi,A5 S line Premium,31408.0
Certified Pre-Owned,2025,Honda,CR-V Hybrid Sport-L,31683.0
Used,2024,Honda,CR-V EX-L,31688.0
Used,2020,Ford,F-150 XL,31693.0
Used,2025,Ford,Maverick XLT,31693.0
Used,2023,Jeep,Grand Cherokee L Altitude,31695.0
Used,2023,Honda,Passport EX-L,31696.0
Used,2022,Toyota,RAV4 Hybrid XSE,31798.0
Used,2024,Toyota,Camry XSE,31996.0
Certified Pre-Owned,2026,Honda,HR-V EX-L,32178.0
Used,2021,INFINITI,QX80 PREMIUM SELECT,32686.0
Used,2025,Toyota,RAV4 XLE,32695.0
Used,2024,Honda,CR-V Hybrid Sport-L,32948.0
Used,2018,Ford,F-150 Raptor,33178.0
Used,2023,Honda,Ridgeline RTL-E,33198.0
Used,2024,Kia,Telluride S,33342.0
Certified Pre-Owned,2023,Honda,Odyssey Touring,33397.0
Used,2020,BMW,X7 xDrive40i,33505.0
Used,2024,Volkswagen,Atlas 2.0T SE w/Technology,33564.0
Used,2018,Ram,2500 Big Horn,33647.0
Used,2024,Honda,CR-V EX-L,33688.0
Used,2025,Ford,Explorer Active,33848.0
Used,2023,Genesis,GV70 2.5T,34008.0
Used,2023,Audi,Q5 45 S Line Premium Plus,34028.0
Used,2024,Jeep,Wrangler Willys,34246.0
Used,2024,Honda,CR-V Hybrid Sport-L,34398.0
Used,2024,Tesla,Model 3 Base,34597.0
Certified Pre-Owned,2023,BMW,X1 xDrive28i,34670.0
Used,2023,Tesla,Model Y Long Range,34690.0
Certified Pre-Owned,2023,BMW,X3 sDrive30i,34990.0
Used,2020,Ford,F-150,34997.0
Used,2023,Jeep,Grand Cherokee 4xe Summit Reserve,34998.0
Certified Pre-Owned,2023,Lincoln,Corsair Reserve,35396.0
Used,2024,Honda,CR-V Hybrid Sport-L,35397.0
Used,2025,Subaru,Forester Touring,35588.0
Used,2025,Jeep,Grand Cherokee L Laredo,35678.0
Used,2024,Toyota,Tacoma SR5,35686.0
Used,2026,Acura,Integra A-Spec Tech Package,35696.0
Used,2025,Ford,Explorer Active,36028.0
Used,2025,Honda,Odyssey EX-L,36464.0
Used,2024,Toyota,RAV4 Hybrid XLE,36615.0
Certified Pre-Owned,2024,Audi,Q5 S line Premium Plus,36648.0
Used,2025,Jeep,Wrangler Rubicon,36682.0
Used,2023,Tesla,Model Y Long Range,36688.0
Used,2019,Porsche,Cayenne S,36690.0
Used,2025,Honda,CR-V Hybrid Sport-L,36884.0
Used,2024,Mazda,CX-90 3.3 Turbo S Premium,37113.0
Used,2025,Subaru,Outback Touring XT,37118.0
Used,2024,Chrysler,Pacifica Plug-In Hybrid Pinnacle,37374.0
Certified Pre-Owned,2024,Honda,CR-V Hybrid Sport-L,37393.0
Used,2025,Kia,Sorento Hybrid SX Prestige,37397.0
Certified Pre-Owned,2024,Nissan,Frontier PRO-4X,37484.0
Used,2025,Honda,Passport EX-L,37743.0
Used,2024,Toyota,Venza LE,37904.0
Certified Pre-Owned,2024,Audi,Q8 e-tron Premium Plus,37978.0
Used,2025,Honda,CR-V Hybrid Sport-L,38000.0
Used,2024,Honda,Passport TrailSport,38048.0
Used,2021,Ram,1500 Rebel,38178.0
Certified Pre-Owned,2025,Honda,Odyssey EX-L,38197.0
Certified Pre-Owned,2025,Honda,Odyssey EX-L,38338.0
Used,2024,Honda,Odyssey EX-L,38396.0
Used,2024,Audi,Q8 e-tron Premium,38647.0
Used,2024,Mercedes,2024 Mercedes-Benz EQE 350+,38689.0
Used,2020,GMC,Sierra 1500 Denali,38695.0
Used,2021,BMW,X7 xDrive40i,39378.0
Used,2023,Toyota,Tacoma SR5 V6,39432.0
Used,2026,Volkswagen,Atlas SE w/Technology,39772.0
Used,2023,Audi,SQ5 Prestige,39938.0
Used,2022,Ford,Bronco Badlands,39997.0
Certified Pre-Owned,2023,BMW,X3 xDrive30i,40339.0
Used,2025,Toyota,RAV4 XLE Premium,40678.0
Certified Pre-Owned,2020,Porsche,Macan S,40696.0
Used,2025,Toyota,Crown Nightshade,40997.0
Used,2024,Tesla,Model Y Long Range,40997.0
Used,2024,Ram,2500 Big Horn,41696.0
Certified Pre-Owned,2025,Honda,Pilot Touring,41988.0
Used,2024,Kia,Telluride SX Prestige X-Line,41997.0
Used,2024,Honda,Pilot Touring,42148.0
Used,2025,Kia,Telluride EX X-Line,42678.0
Used,2022,LEXUS,RX 350,42977.0
Used,2025,Toyota,Tacoma 4WD TRD Sport,42995.0
Used,2024,Ford,Mustang,44089.0
Used,2023,Toyota,4Runner SR5 Premium,45597.0
Used,2022,Toyota,4Runner TRD Off Road Premium,45685.0
Used,2024,BMW,i5 eDrive40,46690.0
Used,2025,Audi,Q7 45 Premium Plus,47196.0
Certified Pre-Owned,2023,Porsche,Macan T,47297.0
Used,2024,Honda,Pilot Elite,47793.0
Certified Pre-Owned,2023,Porsche,Macan T,47968.0
Used,2024,Acura,MDX SH-AWD Advance Package,48378.0
Used,2023,Audi,A8 L 55,49238.0
Used,2023,Toyota,4Runner Limited,49238.0
Used,2024,Toyota,Tundra Limited,49467.0
Used,2026,Toyota,Sienna XLE,49988.0
Used,2025,Audi,Q7 55 Premium,51799.0
Used,2024,GMC,Sierra 1500 SLT,52133.0
Certified Pre-Owned,2024,Lincoln,Nautilus Black Label,52690.0
Certified Pre-Owned,2024,BMW,X3 M40i,53140.0
Used,2024,BMW,4 Series M440i xDrive,53575.0
Used,2024,BMW,X5 PHEV xDrive50e,53680.0
Certified Pre-Owned,2026,BMW,X3 30 xDrive,54359.0
Certified Pre-Owned,2024,Lincoln,Nautilus Black Label,57677.0
Used,2024,GMC,Sierra 1500 AT4,58696.0
Used,2024,Mercedes,2024 Mercedes-Benz GLE 450 4MATIC®,62178.0
Certified Pre-Owned,2025,Audi,Q8 Prestige,64697.0
Certified Pre-Owned,2025,BMW,M2,69980.0
Used,2023,Mercedes,2023 Mercedes-Benz S-Class S 500 4MATIC,71142.0
Used,2023,CADILLAC,Escalade 4WD Sport Platinum,79688.0
Used,2014,BMW,X1 xDrive28i,6458.0
Used,2005,Chevrolet,Silverado 1500,8993.0
Used,2025,Nissan,Sentra S,21241.0
Used,2024,Volkswagen,Jetta 1.5T Sport,21880.0
Used,2026,Volkswagen,Jetta S,22548.0
Used,2025,Jeep,Compass Sport,23591.0
Used,2024,Buick,Encore GX Sport Touring,23996.0
Used,2025,Nissan,Kicks SR,24197.0
Certified Pre-Owned,2023,Nissan,Rogue SV,24936.0
Used,2026,Honda,Civic LX,25288.0
Certified Pre-Owned,2025,Volkswagen,Taos 1.5T SE,25379.0
Certified Pre-Owned,2026,Volkswagen,Jetta 1.5T SE,25528.0
Used,2026,Chevrolet,Trax 2RS,25597.0
Used,2022,Hyundai,Santa Fe XRT,26028.0
Certified Pre-Owned,2025,Honda,HR-V Sport,27696.0
Certified Pre-Owned,2024,Honda,Accord EX,28183.0
Used,2025,Toyota,Corolla Cross LE,28711.0
Certified Pre-Owned,2025,Honda,Accord SE,29397.0
Certified Pre-Owned,2026,Honda,Civic Sport,29997.0
Certified Pre-Owned,2024,Honda,CR-V EX,31197.0
Used,2025,Subaru,Forester Limited,31585.0
Used,2026,Volkswagen,Atlas SE,31998.0
Certified Pre-Owned,2019,Honda,Ridgeline RTL-E AWD,32186.0
Used,2026,Toyota,Camry SE,32504.0
Certified Pre-Owned,2024,Honda,CR-V EX,32597.0
Used,2025,Acura,Integra A-Spec Package,32673.0
Used,2023,Ford,Explorer XLT,32678.0
Used,2025,Subaru,Crosstrek Wilderness,32862.0
Used,2026,Acura,Integra A-Spec Package,32997.0
Certified Pre-Owned,2024,Toyota,Corolla Cross XLE,33048.0
Used,2026,Subaru,WRX Premium,33246.0
Certified Pre-Owned,2025,Honda,CR-V EX,33496.0
Used,2026,Audi,A3 40 Premium,33688.0
Certified Pre-Owned,2025,Acura,ADX w/A-Spec Package,33998.0
Used,2026,Hyundai,Elantra N Base,34028.0
Used,2023,Buick,Envision Avenir,34322.0
Used,2026,Honda,CR-V EX,34397.0
Certified Pre-Owned,2026,Honda,CR-V EX,34397.0
Used,2025,Honda,CR-V EX-L,34448.0
Certified Pre-Owned,2024,Honda,CR-V EX-L,34848.0
Certified Pre-Owned,2025,Acura,ADX w/A-Spec Package,34972.0
Certified Pre-Owned,2026,Honda,Accord Hybrid Sport-L,34998.0
Certified Pre-Owned,2025,Acura,ADX A-Spec Package,34998.0
Used,2026,Toyota,Tacoma SR5,35475.0
Certified Pre-Owned,2025,Acura,ADX w/A-Spec Package,35509.0
Certified Pre-Owned,2026,Audi,A3 40 Premium,35697.0
Certified Pre-Owned,2026,Volkswagen,Atlas SE w/Technology,35868.0
Used,2026,Honda,CR-V EX-L,36018.0
Used,2026,Toyota,C-HR XSE,36141.0
Used,2026,Honda,CR-V Hybrid Sport,36197.0
Used,2026,Volkswagen,Atlas SE w/Technology,36397.0
Used,2026,MINI,Countryman S,36586.0
Used,2026,Honda,Accord Hybrid Touring,36848.0
Used,2026,Subaru,Forester Wilderness,36848.0
Certified Pre-Owned,2026,Volkswagen,Atlas SE w/Technology,37189.0
Used,2025,Audi,Q3 Premium Plus,38097.0
Used,2024,Dodge,Charger Daytona Scat Pack,38196.0
Used,2026,Jeep,Cherokee Overland,38497.0
Used,2024,Jeep,Wrangler Sahara,38676.0
Used,2025,Jeep,Grand Cherokee L Altitude X,38678.0
Certified Pre-Owned,2025,Mercedes,2025 Mercedes-Benz GLA 250,38688.0
Used,2026,Honda,Accord Hybrid Touring,39388.0
Used,2025,Volkswagen,Atlas Cross Sport 2.0T SEL R-Line Black,39578.0
Used,2026,Acura,ADX with A-Spec Advance Package,39648.0
Certified Pre-Owned,2025,Audi,A5 2.0T Premium Plus,39688.0
Used,2026,Ram,1500 Express,39988.0
Certified Pre-Owned,2024,Mercedes,2024 Mercedes-Benz C-Class C 300 4MATIC,39996.0
Certified Pre-Owned,2026,Honda,CR-V Hybrid TrailSport,39997.0
Used,2025,Alfa,Romeo Stelvio,39997.0
Certified Pre-Owned,2025,Honda,CR-V Hybrid Sport Touring,39997.0
Used,2026,Jeep,Grand Cherokee Limited Reserve,40215.0
Used,2026,Volkswagen,Atlas 2.0T Peak Edition,40620.0
Certified Pre-Owned,2025,Audi,A5 Premium Plus,40678.0
Certified Pre-Owned,2025,Audi,A5 Premium Plus,40688.0
Certified Pre-Owned,2025,Audi,A5 Premium Plus,40697.0
Certified Pre-Owned,2025,Audi,A5 Premium Plus,40697.0
Certified Pre-Owned,2025,Audi,Q5 Premium,40997.0
Certified Pre-Owned,2025,Audi,A5 Premium Plus,41688.0
Certified Pre-Owned,2026,Mercedes,2026 Mercedes-Benz CLA 250 4MATIC®,42113.0
Used,2025,Jeep,Grand Cherokee Overland,42378.0
Certified Pre-Owned,2025,Audi,Q5 Premium Plus,42597.0
Certified Pre-Owned,2026,Mercedes,2026 Mercedes-Benz GLA 250,42697.0
Used,2026,Buick,Enclave Sport Touring,43138.0
Certified Pre-Owned,2026,Audi,Q3 S line,43197.0
Used,2026,Subaru,Outback Touring XT,43397.0
Certified Pre-Owned,2026,Mercedes,2026 Mercedes-Benz CLA 250 4MATIC®,43475.0
Certified Pre-Owned,2026,Audi,Q3 S line,43647.0
Certified Pre-Owned,2025,Acura,RDX w/Technology Package,43647.0
Used,2024,Jeep,Grand Cherokee Summit,44597.0
Used,2026,BMW,330i xDrive,44693.0
Certified Pre-Owned,2024,BMW,X3 xDrive30i,45599.0
Used,2025,BMW,X2 M35i,45696.0
Certified Pre-Owned,2026,Mercedes,2026 Mercedes-Benz C 300,46133.0
Certified Pre-Owned,2026,Mercedes,2026 Mercedes-Benz GLC 300,46578.0
Used,2026,Chevrolet,Colorado Trail Boss,46648.0
Used,2026,Mercedes,2026 Mercedes-Benz C 300,46696.0
Certified Pre-Owned,2025,Audi,Q5 Premium Plus,46697.0
Certified Pre-Owned,2026,Mercedes,2026 Mercedes-Benz C 300,46733.0
Certified Pre-Owned,2025,Acura,TLX A-Spec Package,47028.0
Used,2025,Audi,Q5 2.0T Prestige,47138.0
Certified Pre-Owned,2026,Mercedes,2026 Mercedes-Benz C 300,47183.0
Certified Pre-Owned,2026,Volkswagen,Atlas SEL Premium R-Line,47465.0
Certified Pre-Owned,2026,Acura,MDX FWD,47468.0
Certified Pre-Owned,2025,Acura,RDX A-Spec Advance Package,48358.0
Used,2026,Volkswagen,Golf R 2.0T,48597.0
Certified Pre-Owned,2026,Mercedes,2026 Mercedes-Benz GLC 300,48978.0
Certified Pre-Owned,2026,Mercedes,2026 Mercedes-Benz GLC 300 4MATIC®,49078.0
Certified Pre-Owned,2025,Mercedes,2025 Mercedes-Benz GLC 300 4MATIC®,49468.0
Certified Pre-Owned,2026,Mercedes,2026 Mercedes-Benz GLC 300,49488.0
Certified Pre-Owned,2026,Acura,MDX FWD Technology Package,49518.0
Used,2026,GMC,Sierra 1500 Elevation,49678.0
Certified Pre-Owned,2026,Acura,MDX SH-AWD,49998.0
Used,2025,Honda,Pilot Elite,50087.0
Certified Pre-Owned,2026,Mercedes,2026 Mercedes-Benz GLC 300 4MATIC®,50368.0
Certified Pre-Owned,2026,Mercedes,2026 Mercedes-Benz GLC 300,50473.0
Certified Pre-Owned,2026,Mercedes,2026 Mercedes-Benz GLC 300 4MATIC®,50598.0
Certified Pre-Owned,2026,Audi,S3 2.0T,50697.0
Certified Pre-Owned,2025,Mercedes,2025 Mercedes-Benz AMG® GLA 35 4MATIC®,51918.0
Used,2026,Honda,Pilot Elite,51999.0
Used,2026,Acura,RDX Advance Package,52178.0
Certified Pre-Owned,2026,Mercedes,2026 Mercedes-Benz GLC 300,52578.0
Certified Pre-Owned,2026,Audi,Q7 Premium Plus,52697.0
Certified Pre-Owned,2026,Acura,MDX SH-AWD Technology Package,53696.0
Used,2025,Ford,Bronco Badlands,53698.0
Used,2026,Buick,Enclave Avenir,54118.0
Used,2026,Acura,MDX SH-AWD Technology Package,54678.0
Used,2026,Jeep,Wrangler Rubicon X,54678.0
Used,2027,Kia,Telluride Hybrid X-Line SX-Prestige,55597.0
Certified Pre-Owned,2026,Audi,A6 Premium Plus,55697.0
Used,2026,Toyota,4Runner TRD Off Road Premium,56318.0
Certified Pre-Owned,2025,Audi,S5 Premium Plus,56648.0
Used,2026,Ford,Bronco Badlands,59648.0
Certified Pre-Owned,2026,Audi,Q7 55 Premium Plus,59958.0
Used,2026,Lincoln,Nautilus Reserve,60191.0
Certified Pre-Owned,2026,Mercedes,2026 Mercedes-Benz GLE 350,60553.0
Certified Pre-Owned,2026,Mercedes,2026 Mercedes-Benz E 350,60878.0
Certified Pre-Owned,2024,BMW,X5 xDrive40i,60981.0
Certified Pre-Owned,2026,Mercedes,2026 Mercedes-Benz E 350 4MATIC®,61173.0
Certified Pre-Owned,2026,Acura,MDX SH-AWD Advance Package,61538.0
Certified Pre-Owned,2026,Mercedes,2026 Mercedes-Benz E 350,61593.0
Used,2026,Acura,MDX SH-AWD Advance Package,61678.0
Certified Pre-Owned,2026,Mercedes,2026 Mercedes-Benz GLE 350 4MATIC®,61823.0
Certified Pre-Owned,2026,Mercedes,2026 Mercedes-Benz E-Class,62678.0
Certified Pre-Owned,2026,Mercedes,2026 Mercedes-Benz GLE 350 4MATIC®,62948.0
Used,2026,LEXUS,TX TX 350 Premium,63221.0
Certified Pre-Owned,2026,Porsche,Macan T,64997.0
Used,2026,Audi,SQ5 Sportback Premium Plus,65548.0
Used,2025,Audi,Q8 55 Premium Plus,66197.0
Certified Pre-Owned,2026,Acura,MDX SH-AWD Type S w/Advance Package,67197.0
Used,2024,Ford,F-150 Raptor,67532.0
Certified Pre-Owned,2026,Mercedes,2026 Mercedes-Benz AMG GLC 43 4MATIC,68678.0
Certified Pre-Owned,2026,Porsche,Macan,69687.0
Certified Pre-Owned,2026,Mercedes,2026 Mercedes-Benz GLE 450 4MATIC®,69888.0
Used,2025,BMW,X6 xDrive40i,69997.0
Used,2022,Porsche,718 Boxster T,70688.0
Certified Pre-Owned,2026,Mercedes,2026 Mercedes-Benz GLE 450 4MATIC®,70838.0
Certified Pre-Owned,2026,Mercedes,2026 Mercedes-Benz GLE 450 4MATIC®,73178.0
Used,2024,Ford,Bronco Raptor,73686.0
Used,2023,Dodge,Challenger SRT Hellcat,76678.0
Certified Pre-Owned,2026,Mercedes,2026 Mercedes-Benz GLE 450 4MATIC®,77263.0
Used,2026,Chevrolet,Suburban Premier,77697.0
Certified Pre-Owned,2026,Porsche,Macan S,78688.0
Used,2024,LEXUS,GX 550 Overtrail+,85685.0
Used,2026,Rivian,R1S Performance Dual Motor Large Pack,91688.0
Certified Pre-Owned,2026,Porsche,Cayenne,96141.0
Certified Pre-Owned,2026,Porsche,Cayenne Coupe,99697.0
Certified Pre-Owned,2026,Porsche,Cayenne Coupe,100697.0
Certified Pre-Owned,2026,Porsche,Cayenne E-Hybrid,109197.0
Certified Pre-Owned,2026,Porsche,Panamera,111697.0
Used,2026,BMW,XM Label,121997.0
Certified Pre-Owned,2026,BMW,XM Label,124586.0
Certified Pre-Owned,2026,Mercedes,2026 Mercedes-Benz S 580 4MATIC®,124608.0
Certified Pre-Owned,2024,Mercedes,2024 Mercedes-Benz Maybach GLS 600 4MATIC®,139586.0
Certified Pre-Owned,2019,Porsche,911 Carrera 4 GTS,150688.0
Used,2023,McLaren,Artura,169395.0
Certified Pre-Owned,2026,Mercedes,2026 Mercedes-Benz AMG® S 63 E 4MATIC®,184997.0
Certified Pre-Owned,2026,Mercedes,2026 Mercedes-Benz AMG® G 63 4MATIC®,229997.0
Used,2011,Hyundai,Sonata SE,5795.0
Used,2012,Nissan,Altima 2.5 SL,6378.0
Used,2013,Volkswagen,Jetta 2.5L SE w/PZEV,6986.0
Used,2017,Volkswagen,Passat 1.8T S,7620.0
Used,2018,Dodge,Journey SXT,7898.0
Used,2012,Chevrolet,Equinox LT with 1LT,7988.0
Used,2020,Nissan,Kicks SV,7999.0
Used,2013,Ford,Edge SEL,8000.0
Used,2011,Ford,Explorer XLT,8139.0
Used,2014,Nissan,Juke S,8467.0
Used,2012,Honda,CR-V LX,8592.0
Used,2014,Lincoln,MKZ,8648.0
Used,2015,Chevrolet,Equinox LT w/1LT,8678.0
Used,2015,FIAT,500 Sport,8697.0
Used,2015,Toyota,Prius c One,8698.0
Used,2017,Hyundai,Santa Fe SE,8870.0
Used,2015,BMW,328i 328i xDrive,8988.0
Used,2017,Jeep,Compass Sport FWD,9178.0
Used,2013,Toyota,Sienna XLE V6 8 Passenger,9236.0
Used,2013,Scion,tC Release Series 8.0,9448.0
Used,2015,Subaru,Impreza 2.0i Sport Premium,9496.0
Used,2015,Ram,ProMaster City SLT,9678.0
Used,2014,Ford,Explorer Sport,9692.0
Used,2012,Honda,Civic LX,9697.0
Used,2010,Honda,CR-V EX-L,9697.0
Used,2014,Honda,Accord LX,9792.0
Used,2018,Jeep,Compass Latitude FWD,9798.0
Used,2012,Toyota,RAV4,9988.0
Used,2016,Volkswagen,Passat SEL Premium,9997.0
Used,2019,Ford,EcoSport SE,9999.0
Used,2015,Jeep,Cherokee Sport 4x4,10383.0
Used,2016,Ford,Mustang EcoBoost,10678.0
Used,2016,Ford,Edge SE,10678.0
Used,2019,Kia,Sportage EX,10678.0
Used,2018,Chrysler,Pacifica Touring Plus,10678.0
Used,2018,Hyundai,Tucson Sport,10890.0
Used,2016,BMW,328i w/SULEV,11138.0
Used,2016,Nissan,Rogue SV,11171.0
Used,2009,CADILLAC,CTS Base w/1SA,11178.0
Used,2020,Jeep,Renegade Latitude,11191.0
Used,2020,Dodge,Journey SE Value,11278.0
Used,2014,Maserati,Ghibli Base,11298.0
Used,2017,Ford,Edge SEL,11368.0
Used,2018,Volkswagen,Passat 2.0T SE,11441.0
Used,2016,Mazda,Mazda CX-5 Touring (2016.5),11451.0
Used,2019,Ford,Edge Titanium,11607.0
Used,2019,Nissan,Rogue Sport S,11625.0
Used,2014,Audi,allroad Premium Plus,11648.0
Used,2017,INFINITI,QX60,11672.0
Used,2017,Jeep,Renegade Limited 4x4,11678.0
Used,2018,Hyundai,Elantra SEL,11848.0
Used,2017,Honda,Odyssey SE,11948.0
Used,2012,Volkswagen,Beetle 2.0T Turbo,11998.0
Used,2020,Jeep,Compass North Edition,12138.0
Used,2014,Mazda,Mazda3 s Touring,12397.0
Used,2020,Jeep,Compass Latitude,12678.0
Used,2013,Honda,Accord EX-L,12686.0
Used,2018,Nissan,Rogue SL,12697.0
Used,2014,Honda,CR-V EX-L,12848.0
Used,2013,Jeep,Wrangler Sport,12975.0
Used,2018,GMC,Acadia SLT-1,12978.0
Used,2017,Subaru,WRX,13078.0
Used,2013,Toyota,RAV4 LE,13279.0
Used,2018,Jeep,Grand Cherokee Laredo 4x4,13376.0
Used,2015,Lincoln,MKC,13391.0
Used,2022,Kia,Soul LX,13425.0
Used,2015,Audi,A7 3.0T,13497.0
Used,2024,Mitsubishi,Mirage ES,13528.0
Used,2021,Ford,Edge Titanium,13538.0
Used,2018,Ford,EcoSport SE,13678.0
Used,2019,Jeep,Grand Cherokee Limited,13678.0
Used,2020,Nissan,Rogue Sport S,13678.0
Used,2016,Honda,HR-V EX,13678.0
Used,2016,Subaru,Crosstrek 2.0i Limited,13688.0
Used,2015,Acura,MDX Tech Pkg,13688.0
Used,2016,BMW,X3 sDrive28i,13698.0
Used,2018,Volkswagen,Passat 2.0T SE,13866.0
Used,2013,Jeep,Wrangler Unlimited Sahara,13897.0
Used,2017,Buick,Envision Premium II,13998.0
Used,2017,Toyota,Camry XSE V6,13999.0
Used,2021,Chrysler,Pacifica Touring L,14118.0
Used,2015,Toyota,Highlander LE,14197.0
Used,2019,Hyundai,Sonata SE,14197.0
Used,2018,Volvo,S60 T5 FWD Dynamic,14382.0
Used,2018,Toyota,Camry SE,14397.0
Used,2019,Mercedes,2019 Mercedes-Benz GLS 450 4MATIC,14497.0
Used,2020,Ford,Edge SEL,14678.0
Used,2017,Chevrolet,Impala LT,14688.0
Used,2016,Volkswagen,Jetta 1.4T SE Automatic,14696.0
Used,2019,Honda,Insight Touring,14848.0
Used,2015,Toyota,Highlander LE,14848.0
Used,2020,Chevrolet,Equinox LT w/1LT,14997.0
Used,2021,Nissan,Kicks SV,14997.0
Used,2019,Volkswagen,Atlas 3.6L V6 SE w/Technology R-Line,14998.0
Used,2017,Nissan,Pathfinder SL,14998.0
Used,2020,Ford,Edge,14998.0
Used,2019,Jeep,Compass Latitude FWD,15198.0
Used,2019,Ford,Escape SE,15359.0
Used,2021,Nissan,Sentra SV,15397.0
Used,2020,Toyota,Corolla SE,15528.0
Used,2017,Honda,Civic EX,15548.0
Used,2014,Honda,CR-V EX-L,15597.0
Used,2020,Jeep,Compass Limited,15666.0
Used,2020,Buick,Envision Essence,15678.0
Used,2018,Honda,CR-V EX AWD,15685.0
Used,2022,Nissan,Rogue SV,15696.0
Used,2019,Audi,A4 2.0T Premium,15697.0
Used,2020,Chrysler,Pacifica Touring L,15848.0
Used,2018,Acura,RDX w/Technology Pkg,15984.0
Used,2021,Kia,Sorento Hybrid S,16000.0
Certified Pre-Owned,2020,Nissan,Rogue Sport SV,16178.0
Used,2021,Chevrolet,Trax LT,16197.0
Used,2020,Dodge,Challenger SXT,16208.0
Used,2022,Volkswagen,Tiguan 2.0T S,16209.0
Used,2022,Volkswagen,ID.4 Pro S,16237.0
Used,2014,Nissan,370Z Base,16249.0
Used,2019,Ford,Edge Titanium,16261.0
Used,2022,Hyundai,Santa Cruz 2.5L SEL,16270.0
Used,2021,Volkswagen,ID.4 Pro,16312.0
Used,2016,Jeep,Wrangler JK Unlimited Sport,16340.0
Used,2021,Hyundai,Tucson SE,16493.0
Used,2017,Honda,Pilot EX-L AWD,16597.0
Used,2019,Ford,Explorer XLT,16678.0
Used,2015,GMC,Canyon SLE,16678.0
Used,2017,Buick,Encore Premium,16678.0
Used,2022,Hyundai,Elantra SEL,16678.0
Used,2018,Honda,Pilot Touring FWD,16678.0
Used,2018,Honda,CR-V EX-L,16988.0
Used,2017,Audi,A6 2.0T Premium Plus,16997.0
Used,2017,Mercedes,2017 Mercedes-Benz GLS GLS 450,16997.0
Used,2017,Toyota,Camry SE,16998.0
Used,2019,CADILLAC,XT5 Base,16998.0
Used,2019,Toyota,Camry LE,17126.0
Used,2022,Nissan,Sentra SV,17165.0
Used,2018,Honda,Civic EX-L,17185.0
Used,2021,Volkswagen,Tiguan 2.0T SE,17395.0
Used,2023,Volkswagen,Tiguan 2.0T SE,17398.0
Used,2024,Nissan,Sentra SV,17648.0
Used,2022,Nissan,Sentra SV,17648.0
Used,2023,Chevrolet,Equinox LS,17678.0
Used,2019,Subaru,Crosstrek Limited,17688.0
Used,2019,Audi,A3 2.0T Premium,17696.0
Used,2024,Ford,Escape Active,17698.0
Used,2020,Ford,Escape SE Sport Hybrid,17754.0
Used,2018,Honda,CR-V EX 2WD,17798.0
Used,2024,Chevrolet,Malibu 1LT,17815.0
Used,2022,Nissan,Rogue SV,17875.0
Used,2024,Nissan,Sentra SV,17897.0
Used,2015,Honda,Civic EX-L,17948.0
Used,2021,Nissan,Rogue SV,17988.0
Used,2020,Volvo,XC60 Inscription,17997.0
Used,2024,Volkswagen,Jetta 1.5T SE,18061.0
Used,2019,Chevrolet,Traverse 3LT,18068.0
Used,2019,Honda,Civic Sport,18078.0
Used,2018,Mazda,Mazda CX-5 Touring,18148.0
Used,2025,Nissan,Versa 1.6 SV,18197.0
Used,2018,Hyundai,Tucson Limited,18217.0
Used,2017,GMC,Terrain Denali,18248.0
Used,2024,Nissan,Versa SR,18277.0
Used,2016,Dodge,Charger R/T,18288.0
Used,2021,Volkswagen,Atlas 3.6L V6 SE w/Technology R-Line,18297.0
Used,2024,Nissan,Sentra SV,18297.0
Used,2023,Volkswagen,Tiguan 2.0T S,18298.0
Used,2012,Ford,F-150 Lariat,18448.0
Used,2018,Honda,Accord Sedan EX-L 2.0T,18448.0
Used,2019,CADILLAC,XTS Luxury,18468.0
Used,2023,Volkswagen,Taos S,18478.0
Used,2024,Chevrolet,Trailblazer LT,18678.0
Used,2020,Hyundai,Santa Fe Limited 2.0T,18678.0
Used,2019,Toyota,Camry LE,18688.0
Used,2023,Dodge,Hornet GT,18688.0
Used,2021,CADILLAC,XT5 Premium Luxury,18697.0
Used,2020,Subaru,Crosstrek Premium,18698.0
Used,2023,Hyundai,Santa Fe SEL,18828.0
Used,2024,Nissan,Rogue S,18864.0
Used,2024,Nissan,Rogue S,18878.0
Used,2021,Kia,Telluride SX,18898.0
Used,2025,Hyundai,Elantra SEL Convenience,18909.0
Used,2025,Nissan,Sentra SV,18916.0
Used,2019,Jeep,Grand Cherokee Limited,18945.0
Used,2023,Hyundai,Kona SEL,18998.0
Used,2024,Nissan,Altima 2.5 SV,19048.0
Certified Pre-Owned,2022,Honda,Insight EX,19138.0
Used,2025,Chevrolet,Malibu LT,19141.0
Used,2021,Jeep,Renegade Latitude,19195.0
Used,2025,Hyundai,Kona SEL,19196.0
Used,2023,Chevrolet,Traverse LT Cloth w/1LT,19197.0
Used,2013,Jeep,Wrangler Unlimited Sahara,19197.0
Used,2025,Nissan,Rogue SV,19197.0
Used,2025,Chevrolet,Malibu 1LT,19219.0
Used,2020,Ford,F-150 XL,19297.0
Used,2024,Volkswagen,Tiguan Wolfsburg Edition,19323.0
Used,2023,Volkswagen,Tiguan SE,19397.0
Used,2021,Honda,Pilot Special Edition,19397.0
Used,2020,Jeep,Wrangler Unlimited Sahara,19438.0
Used,2019,Ram,1500 Classic Big Horn,19445.0
Used,2025,Nissan,Rogue SV,19488.0
Used,2023,Jeep,Compass Sport,19536.0
Used,2020,Toyota,C-HR LE,19538.0
Used,2023,Volkswagen,Taos 1.5T S,19549.0
Used,2019,Audi,A4 Premium Plus,19578.0
Used,2022,Kia,Sorento S,19588.0
Used,2025,Nissan,Kicks Play S,19597.0
Used,2023,Volkswagen,Taos SE,19632.0
Used,2025,Nissan,Altima SV,19673.0
Used,2019,Honda,Ridgeline RT FWD,19678.0
Used,2021,Jeep,Grand Cherokee Limited,19678.0
Used,2025,Nissan,Altima SV,19678.0
Certified Pre-Owned,2019,Honda,Civic EX,19686.0
Used,2021,Hyundai,Palisade Calligraphy,19696.0
Used,2024,Volkswagen,Taos 1.5T S,19697.0
Used,2022,Audi,Q3 S line Premium,19697.0
Used,2021,Honda,CR-V Special Edition,19697.0
Used,2022,Volkswagen,Taos 1.5T SE,19706.0
Used,2025,Toyota,Corolla LE,19782.0
Used,2023,Volkswagen,ID.4 Pro,19808.0
Used,2025,Volkswagen,Jetta SE,19848.0
Certified Pre-Owned,2022,Nissan,Altima 2.5 SR,19872.0
Used,2024,Toyota,Corolla LE,19893.0
Used,2024,Toyota,Corolla LE,19952.0
Used,2020,Chevrolet,Blazer Premier,19972.0
Used,2024,Toyota,Corolla LE,19986.0
Used,2024,Kia,Forte GT-Line,19988.0
Used,2024,Chevrolet,Malibu LT,19988.0
Used,2024,Volkswagen,Taos SE,19997.0
Certified Pre-Owned,2020,Honda,Accord Hybrid EX,19997.0
Used,2024,Volkswagen,Tiguan 2.0T SE,19998.0
Certified Pre-Owned,2022,Volkswagen,ID.4 Pro,19998.0
Used,2024,Toyota,Corolla LE,19998.0
Used,2019,Toyota,RAV4 LE,19998.0
Used,2025,Nissan,Altima SV,19998.0
Used,2024,Toyota,Corolla LE,19998.0
Used,2025,Mitsubishi,Outlander Sport 2.0 LE,19998.0
Used,2016,Audi,S4 Premium Plus,19998.0
Used,2018,Chevrolet,Tahoe LT,20021.0
Certified Pre-Owned,2024,Nissan,Sentra SV,20053.0
Used,2018,Jeep,Wrangler JK Unlimited Sahara 4x4,20126.0
Used,2024,Hyundai,Tucson SEL,20159.0
Used,2022,Hyundai,Santa Fe XRT,20186.0
Used,2024,Hyundai,Tucson SEL,20197.0
Used,2025,Nissan,Altima SV,20197.0
Used,2025,Nissan,Altima SV,20218.0
Used,2023,Jeep,Compass Latitude Lux,20228.0
Used,2025,Hyundai,Elantra Limited,20244.0
Used,2021,Jeep,Wrangler Unlimited Sport,20278.0
Used,2022,Kia,K5 GT-Line,20285.0
Used,2025,Nissan,Altima SV,20389.0
Used,2025,Nissan,Altima SV,20421.0
Used,2024,Hyundai,Tucson SEL,20448.0
Used,2024,Volkswagen,Taos 1.5T SE,20450.0
Used,2022,Toyota,Camry LE,20508.0
Used,2024,Hyundai,Sonata SEL,20588.0
Used,2021,Jeep,Wrangler Unlimited Sport S,20591.0
Used,2023,Subaru,Forester Touring,20597.0
Used,2024,Nissan,Rogue S,20597.0
Used,2023,Volkswagen,Tiguan 2.0T SE,20598.0
Used,2023,Volkswagen,Tiguan 2.0T SE R-Line Black,20605.0
Used,2024,Ford,Escape Active,20678.0
Used,2024,Mazda,CX-30 2.5 S Select Sport,20678.0
Certified Pre-Owned,2020,Mercedes,2020 Mercedes-Benz GLE GLE 350,20678.0
Used,2018,Chevrolet,Tahoe LT,20678.0
Used,2018,Ram,3500 Tradesman,20678.0
Used,2020,Honda,CR-V EX-L,20688.0
Used,2025,Chevrolet,Malibu LT,20688.0
Used,2020,Volvo,XC90 T6 Inscription 7 Passenger,20694.0
Used,2025,Nissan,Altima SV,20696.0
Used,2024,Toyota,Corolla LE,20696.0
Certified Pre-Owned,2023,Volkswagen,Tiguan 2.0T S,20696.0
Used,2018,Mercedes,2018 Mercedes-Benz GLC 300 4MATIC®,20696.0
Used,2025,Nissan,Rogue SV,20697.0
Used,2025,Nissan,Rogue SV,20697.0
Used,2025,Hyundai,Tucson SEL,20826.0
Used,2025,Hyundai,Elantra SEL Convenience,20848.0
Used,2025,Nissan,Rogue S,20897.0
Used,2024,Toyota,RAV4 Hybrid LE,20919.0
Used,2021,Subaru,Outback Limited,20928.0
Used,2024,Mazda,CX-30 2.5 S Select Sport,20953.0
Used,2024,Nissan,Rogue SV,20978.0
Used,2024,Chrysler,Pacifica Plug-In Hybrid Select,20995.0
Used,2018,Chevrolet,Tahoe LS,20997.0
Used,2021,Hyundai,Palisade Calligraphy,20998.0
Used,2016,LEXUS,RX 350,20998.0
Used,2023,Hyundai,IONIQ 5 SE,21149.0
Used,2022,Kia,Niro EV EX Premium,21156.0
Used,2019,Nissan,Frontier SL,21178.0
Used,2024,Chevrolet,Equinox LT,21178.0
Used,2024,Nissan,Altima 2.5 SR,21197.0
Used,2025,Mazda,Mazda3 Sedan 2.5 S Select Sport,21197.0
Used,2019,Mercedes,2019 Mercedes-Benz GLS 450 4MATIC®,21197.0
Used,2019,Toyota,RAV4 LE,21197.0
Used,2019,Honda,CR-V EX-L,21248.0
Used,2022,Volkswagen,Atlas 2.0T SE w/Technology,21249.0
Used,2025,Volkswagen,Jetta 1.5T SE,21272.0
Used,2024,Toyota,Corolla LE,21281.0
Used,2025,Toyota,Corolla SE,21282.0
Used,2025,Hyundai,Elantra Limited,21297.0
Used,2019,Acura,RDX w/Advance Pkg,21305.0
Used,2025,Toyota,Corolla LE,21314.0
Used,2020,INFINITI,QX80 LUXE,21397.0
Used,2025,Nissan,Sentra SR,21497.0
Used,2024,Volkswagen,Tiguan 2.0T SE,21518.0
Used,2021,Volkswagen,Atlas 3.6L V6 SE w/Technology 4MOTION,21523.0
Used,2023,Volkswagen,ID.4 Pro,21540.0
Used,2024,Nissan,Rogue SV,21548.0
Certified Pre-Owned,2023,Nissan,Rogue SV,21577.0
Used,2024,Toyota,Corolla LE,21597.0
Used,2024,Hyundai,Sonata SEL,21638.0
Used,2019,Volkswagen,Atlas 3.6L V6 SEL Premium 4MOTION,21641.0
Used,2023,Hyundai,Sonata SEL,21648.0
Used,2023,Toyota,RAV4 Hybrid LE,21666.0
Used,2020,Toyota,RAV4 Hybrid Hybrid XLE,21678.0
Used,2026,Volkswagen,Jetta S,21678.0
Certified Pre-Owned,2024,Nissan,Rogue SV,21678.0
Used,2025,Hyundai,Sonata SEL,21678.0
Used,2024,Jeep,Compass Trailhawk,21678.0
Used,2022,Hyundai,Santa Cruz SEL,21678.0
Used,2019,Cadillac,XT5 Luxury AWD,21678.0
Used,2025,Nissan,Altima SV,21688.0
Used,2024,Hyundai,Sonata SEL,21696.0
Used,2022,Audi,Q5 45 S line Premium,21697.0
Used,2024,Ford,Edge Titanium,21723.0
Certified Pre-Owned,2025,Volkswagen,Jetta 1.5T Sport,21727.0
Used,2023,Volkswagen,Jetta 1.5T SE,21749.0
Used,2019,Ram,1500 Big Horn/Lone Star,21798.0
Used,2019,Honda,Odyssey EX-L,21808.0
Used,2023,Hyundai,IONIQ 6 SEL,21832.0
Used,2020,Honda,CR-V EX-L,21848.0
Used,2021,Dodge,Durango GT,21878.0
Used,2021,Honda,CR-V EX,21908.0
Used,2023,Kia,Stinger GT-Line,21948.0
Used,2023,Honda,HR-V EX-L,21948.0
Used,2025,Nissan,Altima SR,22097.0
Used,2023,Toyota,Corolla LE,22097.0
Used,2024,Chrysler,Pacifica Touring L,22197.0
Used,2024,Toyota,Corolla LE,22198.0
Used,2023,Volkswagen,Tiguan 2.0T SE,22282.0
Used,2020,Volvo,S60 T5 Momentum,22297.0
Used,2021,Volkswagen,Atlas Cross Sport 3.6L V6 SEL Premium R-Line,22328.0
Used,2023,Jeep,Compass Trailhawk,22366.0
Used,2023,Buick,Encore GX Select,22378.0
Used,2025,Hyundai,Elantra Limited,22397.0
Certified Pre-Owned,2023,Volkswagen,ID.4 S,22437.0
Used,2022,Volkswagen,Atlas 3.6L V6 SE w/Technology,22449.0
Used,2020,Volkswagen,Atlas Cross Sport 3.6L V6 SEL Premium 4MOTION,22549.0
Used,2024,Chrysler,Pacifica Plug-In Hybrid Select,22578.0
Used,2025,Hyundai,Tucson SEL,22597.0
Used,2018,LEXUS,NX 300,22597.0
Used,2015,Ford,F-150 XLT,22621.0
Used,2025,Hyundai,Tucson SEL,22638.0
Used,2023,Honda,CR-V Hybrid Sport,22645.0
Used,2025,Chevrolet,Trax ACTIV,22678.0
Used,2024,GMC,Terrain SLE,22678.0
Used,2024,GMC,Terrain SLE,22678.0
Used,2019,Honda,CR-V EX-L AWD,22686.0
Used,2024,Volkswagen,Tiguan 2.0T SE,22696.0
Used,2023,Kia,Sportage EX,22798.0
Used,2021,Volkswagen,Atlas 3.6L V6 SE w/Technology 4MOTION,22898.0
Certified Pre-Owned,2023,Volkswagen,Tiguan 2.0T SE,22946.0
Used,2024,Kia,Sportage SX,22948.0
Used,2021,Volkswagen,Atlas 3.6L V6 SEL 4MOTION,22967.0
Used,2025,Mazda,CX-30 2.5 S Preferred Package,22988.0
Certified Pre-Owned,2022,Honda,Civic Sport,22988.0
Used,2019,Toyota,4Runner Limited,22988.0
Used,2025,Kia,Seltos EX,22997.0
Used,2019,Jeep,Grand Cherokee Overland,22997.0
Used,2022,Jeep,Grand Cherokee Limited,22998.0
Used,2021,Subaru,Outback Touring XT,23138.0
Used,2020,Toyota,Camry XSE,23148.0
Certified Pre-Owned,2023,Nissan,Rogue SV,23169.0
Used,2019,Toyota,Highlander XLE V6,23186.0
Used,2023,Jeep,Compass Latitude,23192.0
Used,2020,Jeep,Grand Cherokee Overland,23197.0
Used,2025,Mazda,CX-30 2.5 S Carbon Edition,23197.0
Used,2019,Toyota,RAV4 Limited,23197.0
Certified Pre-Owned,2024,Volkswagen,Taos 1.5T SE Black,23210.0
Used,2026,Volkswagen,Jetta SE,23274.0
Used,2024,Chrysler,Pacifica Hybrid Select,23275.0
Certified Pre-Owned,2022,Volkswagen,Tiguan 2.0T SE R-Line Black,23296.0
Used,2025,Nissan,Kicks SR,23303.0
Used,2021,Jeep,Wrangler Unlimited Sahara,23325.0
Used,2022,Kia,Sportage SX Turbo,23329.0
Used,2026,Hyundai,Kona SEL Sport,23348.0
Used,2022,Toyota,Avalon XLE,23373.0
Used,2021,Jeep,Grand Cherokee 80th Anniversary,23458.0
Used,2022,Subaru,Forester Sport,23483.0
Used,2024,Buick,Envision Preferred,23497.0
Used,2023,CADILLAC,XT5 Premium Luxury,23597.0
Used,2024,Chrysler,Pacifica Touring L,23606.0
Certified Pre-Owned,2021,Lincoln,Nautilus Reserve,23678.0
Used,2024,Kia,Sportage EX,23678.0
Used,2013,Toyota,Tacoma 4x4 V6 Automatic,23686.0
Used,2020,Jeep,Gladiator Sport S,23688.0
Used,2025,Buick,Envista Preferred,23688.0
Used,2021,Nissan,Rogue Platinum,23688.0
Used,2020,Dodge,Durango GT Plus,23695.0
Certified Pre-Owned,2024,Honda,HR-V Sport w/BSI,23696.0
Used,2021,Audi,e-tron Premium,23697.0
Used,2026,Toyota,Corolla LE,23698.0
Certified Pre-Owned,2024,Honda,HR-V LX,23848.0
Used,2019,Ford,Ranger XLT,23848.0
Used,2025,Ford,Escape ST-Line,23924.0
Used,2025,Chevrolet,Equinox LT,23946.0
Certified Pre-Owned,2025,Honda,Civic Sport,23948.0
Used,2025,Honda,Civic Sport,23988.0
Certified Pre-Owned,2023,Volkswagen,Tiguan 2.0T SEL R-Line,23992.0
Used,2023,Ford,Bronco Sport Badlands,23995.0
Used,2024,Volkswagen,Taos 1.5T SE,24014.0
Certified Pre-Owned,2024,Volkswagen,Tiguan 2.0T SE,24079.0
Used,2022,Ford,Bronco Sport Badlands,24097.0
Certified Pre-Owned,2025,Honda,HR-V Sport,24197.0
Used,2023,Toyota,RAV4 XLE,24212.0
Used,2026,Volkswagen,Jetta SE,24248.0
Used,2020,Subaru,Ascent Limited 7-Passenger,24290.0
Used,2026,Chevrolet,Trax 2RS,24329.0
Used,2020,Chevrolet,Traverse Premier,24378.0
Used,2024,Hyundai,Tucson Limited,24378.0
Used,2021,Chevrolet,Blazer RS,24397.0
Used,2022,Jeep,Wrangler Unlimited Sport S,24426.0
Used,2023,Volkswagen,Tiguan 2.0T SE R-Line Black,24542.0
Used,2020,Honda,CR-V EX-L,24548.0
Used,2024,Volkswagen,Tiguan 2.0T SE R-Line Black,24562.0
Used,2022,Toyota,Prius Nightshade,24588.0
Used,2021,Toyota,Camry XSE,24592.0
Used,2023,Subaru,Crosstrek Sport,24597.0
Used,2022,Chrysler,Pacifica Touring L,24597.0
Used,2020,Acura,RDX w/Technology Pkg,24597.0
Used,2021,Jeep,Wrangler Unlimited Sport,24597.0
Used,2009,Dodge,Challenger SRT8,24606.0
Used,2025,Subaru,Crosstrek,24678.0
Used,2021,Jeep,Wrangler Unlimited Rubicon,24678.0
Used,2022,Subaru,Ascent Touring,24678.0
Used,2018,Ford,F-150,24679.0
Used,2019,Toyota,RAV4 Hybrid XLE,24681.0
Certified Pre-Owned,2025,Honda,HR-V LX,24685.0
Used,2023,Honda,HR-V Sport,24688.0
Used,2019,Volkswagen,Golf R DCC & Navigation 4Motion,24688.0
Used,2018,Toyota,RAV4 XLE,24696.0
Used,2023,Audi,Q5 Premium,24697.0
Used,2025,Subaru,Crosstrek,24697.0
Certified Pre-Owned,2024,Honda,HR-V LX,24697.0
Used,2025,Nissan,Altima SR,24697.0
Used,2022,Jeep,Compass Limited,24746.0
Used,2026,Honda,Civic LX,24848.0
Certified Pre-Owned,2026,Volkswagen,Jetta 1.5T SE,24899.0
Used,2024,Kia,Sportage EX,24907.0
Used,2021,Jeep,Grand Cherokee L Limited,24918.0
Used,2022,Audi,Q5 S line Premium Plus,24947.0
Used,2024,Chrysler,Pacifica Hybrid S Appearance Pkg,24976.0
Certified Pre-Owned,2024,Honda,HR-V LX,24988.0
Used,2020,Honda,Odyssey EX,24988.0
Used,2022,Subaru,Ascent Premium,24997.0
Used,2023,INFINITI,QX50 LUXE,24997.0
Used,2024,Hyundai,Santa Fe SE,24997.0
Used,2020,BMW,X7 xDrive40i,24997.0
Used,2024,Honda,Civic Sport,24997.0
Used,2024,Mazda,CX-30 2.5 S Preferred Package,24997.0
Used,2022,Honda,CR-V EX-L,24997.0
Used,2022,Toyota,RAV4 XLE,24998.0
Certified Pre-Owned,2024,Toyota,Camry LE,24998.0
Used,2021,Mazda,CX-5 Grand Touring,24998.0
Used,2017,Toyota,4Runner SR5,24998.0
Used,2023,Nissan,Altima 2.5 SL,24999.0
Used,2021,Jeep,Wrangler Unlimited Sahara,25063.0
Used,2020,Tesla,Model 3 Long Range,25097.0
Used,2017,LEXUS,RX 350,25141.0
Used,2020,Acura,TLX 3.5L V6,25147.0
Certified Pre-Owned,2022,Lincoln,Corsair Standard,25172.0
Certified Pre-Owned,2023,Honda,Civic Sport,25197.0
Used,2023,Kia,Telluride EX,25197.0
Used,2023,Nissan,Rogue SL,25246.0
Used,2024,Honda,HR-V Sport,25248.0
Used,2024,Honda,Civic Hatchback Sport,25347.0
Used,2024,Honda,Accord EX,25383.0
Used,2021,BMW,X5 sDrive40i,25388.0
Used,2025,Mazda,CX-5 2.5 S Select Package,25397.0
Used,2023,Mazda,CX-30 2.5 S Preferred Package,25397.0
Used,2021,Chrysler,Pacifica Hybrid Hybrid Pinnacle,25420.0
Certified Pre-Owned,2025,Honda,HR-V Sport,25448.0
Used,2020,Ram,1500 Classic SLT,25483.0
Used,2024,Volkswagen,Atlas Cross Sport 2.0T SE,25498.0
Used,2021,Toyota,Highlander XLE,25517.0
Used,2024,Subaru,Crosstrek Limited,25548.0
Used,2025,Honda,Civic Sport,25548.0
Used,2024,Jeep,Grand Cherokee Laredo X,25548.0
Used,2021,Subaru,Outback Touring XT,25548.0
Used,2024,Honda,Civic Sport,25548.0
Used,2020,Toyota,Tacoma TRD Off Road V6,25596.0
Used,2021,Acura,RDX Base,25597.0
Used,2024,Toyota,RAV4 XLE,25646.0
Used,2021,Honda,CR-V Hybrid Touring,25678.0
Used,2025,Mazda,CX-50 2.5 S Preferred Package,25678.0
Used,2023,Jeep,Grand Cherokee Laredo,25678.0
Used,2025,Honda,CR-V LX,25686.0
Used,2024,Honda,Accord Hybrid Sport,25688.0
Used,2022,Honda,CR-V EX-L,25692.0
Used,2023,Jeep,Wrangler Sport S,25694.0
Used,2023,Volkswagen,Atlas Cross Sport 2.0T SE w/Technology,25697.0
Used,2024,Honda,Accord Hybrid Sport-L,25697.0
Used,2021,Acura,RDX Base,25697.0
Certified Pre-Owned,2024,Honda,Civic Sport,25848.0
Used,2022,Honda,Ridgeline RTL-E,25848.0
Certified Pre-Owned,2024,Volkswagen,ID.4 S,25863.0
Used,2020,Jeep,Grand Cherokee Overland,25878.0
Used,2022,INFINITI,QX50 SENSORY,25918.0
Used,2020,Toyota,86 GT,25925.0
Used,2020,Jeep,Grand Cherokee Overland,25962.0
Used,2021,Acura,RDX Advance Package,25978.0
Used,2025,Kia,Sportage EX,25996.0
Used,2024,Hyundai,Santa Fe SE,25997.0
Used,2023,Hyundai,Santa Fe Plug-In Hybrid Limited,25997.0
Used,2020,Honda,Passport EX-L FWD,25997.0
Certified Pre-Owned,2024,Honda,Accord EX,25997.0
Used,2024,Nissan,Pathfinder SV,25997.0
Used,2021,Honda,CR-V EX AWD,26088.0
Certified Pre-Owned,2023,Volkswagen,Atlas Cross Sport 2.0T SE w/Technology,26133.0
Certified Pre-Owned,2024,Honda,Civic Sport,26148.0
Used,2021,Volkswagen,Atlas 3.6L V6 SE w/Technology R-Line,26171.0
Certified Pre-Owned,2024,Honda,Accord EX,26185.0
Used,2022,Honda,Pilot EX-L,26188.0
Used,2020,CADILLAC,CT5 Premium Luxury,26197.0
Used,2023,Kia,Sportage SX,26197.0
Certified Pre-Owned,2024,Honda,Accord EX,26197.0
Used,2024,Dodge,Durango GT Plus,26197.0
Used,2023,Ford,Escape ST-Line Select,26219.0
Used,2021,Mercedes,2021 Mercedes-Benz GLB GLB 250,26238.0
Used,2022,Toyota,Corolla Cross XLE,26245.0
Used,2022,Toyota,RAV4 XLE,26248.0
Used,2025,Volkswagen,Tiguan 2.0T S,26260.0
Used,2025,Kia,Sportage EX,26274.0
Used,2019,Ford,F-150 XLT,26278.0
Used,2025,Toyota,Corolla Cross L,26406.0
Used,2023,Buick,Envision Preferred,26410.0
Used,2025,Volkswagen,Atlas 2.0T SE w/Technology,26438.0
Used,2025,Volkswagen,Atlas 2.0T SE w/Technology,26459.0
Used,2023,Nissan,Rogue Platinum,26478.0
Used,2023,Audi,Q4 e-tron Premium,26497.0
Used,2026,Hyundai,Tucson SEL,26522.0
Used,2026,Toyota,Corolla Cross L,26528.0
Used,2023,Subaru,Forester Sport,26548.0
Certified Pre-Owned,2026,Honda,Civic Sport,26548.0
Used,2023,Jeep,Wrangler Sport,26552.0
Used,2024,Honda,Civic EX-L,26597.0
Certified Pre-Owned,2024,Honda,Civic Sport,26597.0
Used,2022,Ford,Explorer Limited,26597.0
Used,2025,Honda,Civic Sport,26658.0
Used,2024,Ford,Bronco Sport Big Bend,26670.0
Used,2022,Jeep,Gladiator Willys,26678.0
Used,2024,Audi,Q5 S line Premium Plus,26678.0
Used,2025,Honda,Civic Sport,26686.0
Certified Pre-Owned,2024,Honda,Accord LX,26688.0
Certified Pre-Owned,2025,Honda,Civic Sport,26688.0
Used,2016,Toyota,4Runner Limited,26688.0
Certified Pre-Owned,2025,Honda,HR-V LX,26688.0
Used,2024,Subaru,Outback Onyx Edition,26688.0
Used,2018,LEXUS,ES 350,26691.0
Certified Pre-Owned,2024,Honda,HR-V EX-L w/BSI,26697.0
Used,2025,Nissan,Pathfinder SV,26697.0
Used,2022,Jeep,Gladiator Sport,26697.0
Used,2025,Honda,Accord LX,26697.0
Used,2023,Nissan,Murano Midnight Edition,26724.0
Certified Pre-Owned,2025,Honda,Civic Sport,26747.0
Used,2019,Chevrolet,Tahoe LT,26909.0
Used,2024,Subaru,Crosstrek Limited,26918.0
Used,2024,Volkswagen,Atlas Cross Sport 2.0T SE w/Technology,26918.0
Used,2024,Chevrolet,Blazer LT,26966.0
Used,2022,Subaru,Outback Touring XT,26978.0
Used,2026,Volkswagen,Taos 1.5T SE,26978.0
Used,2025,Mazda,CX-50 2.5 S Premium Package,26993.0
Used,2022,Dodge,Durango GT Plus,26997.0
Used,2024,Ford,Maverick XLT,26999.0
Used,2022,Alfa,Romeo Giulia Ti,27028.0
Used,2020,Honda,Odyssey EX-L,27048.0
Certified Pre-Owned,2024,Honda,Civic Sport,27088.0
Used,2023,Kia,EV6 GT-Line,27093.0
Certified Pre-Owned,2024,Honda,HR-V Sport w/BSI,27097.0
Used,2024,Honda,HR-V Sport w/BSI,27097.0
Certified Pre-Owned,2024,Nissan,Pathfinder S,27110.0
Used,2019,Kia,Stinger GT1,27141.0
Used,2022,Toyota,RAV4 LE,27156.0
Used,2024,Mazda,CX-50 2.5 S Premium Plus Package,27178.0
Used,2023,Jeep,Grand Cherokee Altitude,27196.0
Used,2024,Toyota,Corolla Cross LE,27197.0
Certified Pre-Owned,2023,Honda,Civic Touring,27197.0
Used,2021,Acura,RDX w/A-Spec Package,27198.0
Used,2023,Audi,Q3 Premium Plus,27220.0
Used,2025,Toyota,Corolla Cross XLE,27239.0
Used,2025,GMC,Terrain Elevation,27296.0
Certified Pre-Owned,2025,Honda,HR-V Sport,27297.0
Certified Pre-Owned,2025,Honda,Civic Sport,27328.0
Used,2024,Kia,Sportage EX,27378.0
Used,2021,CADILLAC,XT6 Sport,27379.0
Used,2025,Mazda,CX-50 2.5 S Premium Package,27397.0
Used,2025,Kia,Sorento S,27398.0
Used,2022,Ford,Explorer XLT,27502.0
Used,2024,Toyota,Camry SE,27504.0
Used,2025,Subaru,Crosstrek Sport,27507.0
Used,2024,Toyota,RAV4 XLE,27548.0
Certified Pre-Owned,2025,Honda,HR-V Sport,27548.0
Certified Pre-Owned,2024,Audi,Q3 S line Premium,27647.0
Used,2022,Hyundai,Palisade Calligraphy,27648.0
Used,2024,GMC,Terrain Denali,27678.0
Used,2023,Jeep,Grand Cherokee L Limited,27678.0
Used,2023,Jeep,Grand Cherokee Altitude,27678.0
Used,2020,Mercedes,2020 Mercedes-Benz GLE 350,27683.0
Used,2003,Porsche,911 Carrera,27688.0
Used,2022,Mercedes,2022 Mercedes-Benz Sprinter Cargo Van Cargo Van 144 in WB,27688.0
Used,2022,Ford,Maverick,27688.0
Used,2023,Nissan,Rogue Platinum,27695.0
Used,2023,Jeep,Wrangler 2-DOOR SPORT 4X4,27696.0
Certified Pre-Owned,2025,Honda,HR-V Sport,27696.0
Certified Pre-Owned,2025,Honda,Accord SE,27697.0
Used,2024,Honda,Civic Si,27727.0
Used,2025,Nissan,Pathfinder SV,27826.0
Used,2025,Honda,HR-V EX-L,27848.0
Used,2024,Hyundai,Santa Fe SEL,27854.0
Used,2025,Honda,Accord Sedan SE,27893.0
Used,2023,Audi,A3 40 Premium Plus,27893.0
Used,2025,Subaru,Forester Premium,27896.0
Used,2022,MINI,Hardtop 2 Door John Cooper Works,27918.0
Used,2024,Toyota,Camry SE,27938.0
Used,2025,Hyundai,Santa Fe SEL,27948.0
Used,2025,Volkswagen,Atlas 2.0T SE with Technology,27948.0
Used,2023,Audi,Q4 e-tron Premium Plus,27968.0
Used,2023,Ford,Explorer XLT,27978.0
Used,2024,Toyota,Camry SE,27988.0
Used,2024,Subaru,Outback Limited,27997.0
Used,2025,Volkswagen,Jetta GLI 2.0T Autobahn,27997.0
Used,2023,Audi,Q4 e-tron Premium Plus,27997.0
Certified Pre-Owned,2024,Nissan,ARIYA EVOLVE+,28083.0
Certified Pre-Owned,2024,Honda,Accord EX,28088.0
Used,2024,Toyota,Camry XSE,28093.0
Used,2024,Jeep,Wrangler Sport S,28148.0
Used,2022,Audi,Q5 45 S line Premium,28178.0
Used,2023,Chrysler,Pacifica Touring L,28178.0
Certified Pre-Owned,2024,Honda,Accord EX,28185.0
Used,2021,Volkswagen,Atlas 3.6L V6 SEL Premium R-Line 4MOTION,28196.0
Used,2020,Acura,RDX Advance Package,28197.0
Used,2022,Ford,Explorer Limited,28197.0
Used,2023,Honda,Ridgeline RTL-E,28197.0
Used,2025,Hyundai,Santa Fe SEL,28197.0
Certified Pre-Owned,2021,Honda,CR-V Touring AWD,28197.0
Certified Pre-Owned,2025,Honda,Accord SE,28197.0
Used,2024,Ford,Bronco Sport Heritage,28238.0
Used,2023,Audi,A4 40 Premium Plus,28238.0
Certified Pre-Owned,2024,Honda,HR-V EX-L,28248.0
Used,2019,Chevrolet,Tahoe Premier,28318.0
Certified Pre-Owned,2025,Honda,Accord SE,28468.0
Used,2025,Toyota,Prius LE,28512.0
Used,2021,Porsche,Macan,28517.0
Used,2024,Volkswagen,Atlas Cross Sport 2.0T SE w/Technology,28523.0
Used,2023,Audi,Q4 e-tron Prestige,28578.0
Used,2025,Mazda,Mazda3 Sedan 2.5 Turbo Premium Plus Package,28597.0
Used,2024,Subaru,Crosstrek Wilderness,28623.0
Used,2025,Honda,Civic Hybrid Sport,28678.0
Used,2019,Chevrolet,Silverado 1500 LTZ,28678.0
Used,2021,Toyota,4Runner SR5,28678.0
Certified Pre-Owned,2022,Lincoln,Nautilus Reserve,28685.0
Certified Pre-Owned,2025,Honda,HR-V EX-L,28686.0
Used,2024,Toyota,Camry SE,28696.0
Used,2025,Hyundai,Tucson SEL Convenience,28696.0
Used,2024,Volkswagen,Atlas 2.0T SE,28697.0
Used,2022,Toyota,RAV4 XLE Premium,28763.0
Used,2021,Toyota,RAV4 XLE Premium,28771.0
Used,2024,Kia,Sorento S,28788.0
Certified Pre-Owned,2024,Honda,HR-V EX-L,28848.0
Used,2023,Mercedes,2023 Mercedes-Benz GLC 300,28878.0
Certified Pre-Owned,2024,Honda,Accord Hybrid Sport,28897.0
Used,2025,Toyota,Corolla Cross XLE,28918.0
Used,2021,Toyota,Avalon Hybrid Limited,28918.0
Used,2025,CADILLAC,XT4 Premium Luxury,28934.0
Used,2024,Subaru,Forester Sport,28969.0
Certified Pre-Owned,2025,Honda,Civic Hybrid Sport,28997.0
Used,2025,Toyota,Corolla Cross XLE,28998.0
Used,2024,Kia,Carnival SX,28999.0
Used,2022,Jeep,Wagoneer Series II,28999.0
Used,2023,Subaru,Forester Wilderness,28999.0
Used,2023,INFINITI,QX60 SENSORY,29044.0
Used,2015,Ford,Mustang GT Premium,29048.0
Used,2026,Honda,HR-V Sport,29134.0
Used,2025,Toyota,RAV4 XLE,29173.0
Used,2023,Jeep,Gladiator Overland,29233.0
Used,2025,Volkswagen,Tiguan 2.0T SE,29239.0
Used,2022,Volvo,XC90 T5 FWD Momentum 7 Seater,29288.0
Used,2023,Chevrolet,Traverse RS,29356.0
Used,2024,Volvo,XC60 B5 Core Dark,29368.0
Used,2025,Honda,CR-V LX,29448.0
Certified Pre-Owned,2025,Honda,Accord Hybrid Sport,29448.0
Used,2022,Jeep,Gladiator Overland,29479.0
Used,2023,Lincoln,Nautilus Reserve,29569.0
Used,2024,Jeep,Wrangler 4xe Rubicon,29597.0
Used,2022,Toyota,RAV4 Hybrid XLE Premium,29601.0
Used,2023,INFINITI,QX50 SPORT,29607.0
Used,2025,Toyota,RAV4 XLE,29641.0
Used,2022,Jeep,Grand Cherokee 4xe Summit,29665.0
Used,2022,Jeep,Gladiator Rubicon,29678.0
Certified Pre-Owned,2023,Nissan,Pathfinder SL,29678.0
Used,2023,Jeep,Wrangler 4xe Sahara,29678.0
Used,2021,BMW,X5 xDrive40i,29685.0
Used,2023,Audi,Q3 Premium,29688.0
Used,2025,Subaru,Crosstrek Limited,29697.0
Used,2023,Lincoln,Corsair Standard,29797.0
Certified Pre-Owned,2025,Toyota,RAV4 LE,29798.0
Used,2024,Toyota,RAV4 XLE,29842.0
Certified Pre-Owned,2024,Volkswagen,Tiguan 2.0T SEL R-Line,29858.0
Certified Pre-Owned,2025,Toyota,RAV4 XLE,29882.0
Certified Pre-Owned,2024,Honda,CR-V LX,29886.0
Used,2023,Mazda,CX-5 2.5 Turbo Signature,29919.0
Certified Pre-Owned,2023,Volkswagen,Atlas 3.6L V6 SE w/Technology,29972.0
Used,2020,Jeep,Gladiator Rubicon,29983.0
Used,2024,Honda,Accord Hybrid Sport,29986.0
Used,2025,Toyota,RAV4 XLE,29988.0
Used,2024,GMC,Terrain Denali,29997.0
Certified Pre-Owned,2016,Porsche,Macan S,29997.0
Used,2025,Hyundai,Tucson Limited,29997.0
Used,2023,Tesla,Model Y Long Range,29997.0
Used,2024,Audi,A3 40 Premium Plus,29997.0
Certified Pre-Owned,2025,Volkswagen,Atlas 2.0T SE,29998.0
Used,2024,Mazda,CX-5 2.5 Turbo Premium Package,29998.0
Used,2022,Acura,MDX w/Technology Package,29998.0
Used,2024,Jeep,Wrangler 4xe Sport,29998.0
Used,2022,Jeep,Wrangler Unlimited Sahara,29999.0
Used,2021,Jeep,Gladiator Willys,29999.0
Used,2022,Toyota,RAV4 Limited,30156.0
Used,2023,Ford,Explorer XLT,30178.0
Used,2023,Jeep,Grand Cherokee L Laredo,30178.0
Used,2022,Dodge,Durango Citadel,30178.0
Used,2025,Mazda,CX-50 2.5 S Premium Plus Package,30197.0
Used,2023,Genesis,GV70 2.5T,30297.0
Used,2023,Jeep,Wrangler 4xe Sahara,30297.0
Used,2025,Kia,Sportage Hybrid EX,30348.0
Used,2024,Jeep,Wrangler 4xe Sport,30377.0
Used,2025,Toyota,RAV4 XLE,30382.0
Used,2022,INFINITI,QX60 LUXE,30393.0
Used,2026,Honda,HR-V EX-L,30415.0
Used,2024,Audi,Q5 S line Premium Plus,30438.0
Used,2025,Kia,Sorento S,30478.0
Used,2021,Toyota,Tacoma SR5 V6,30497.0
Used,2023,Jeep,Grand Cherokee L Limited,30528.0
Used,2023,BMW,i4 eDrive35,30591.0
Certified Pre-Owned,2023,Honda,Odyssey EX-L,30597.0
Used,2024,Jeep,Wrangler 4xe Sport,30647.0
Used,2024,Nissan,Armada SV,30677.0
Used,2022,Chevrolet,Traverse Premier,30678.0
Used,2023,Toyota,Highlander L,30678.0
Used,2020,Ford,F-150 XLT,30678.0
Used,2022,Subaru,Outback Wilderness,30678.0
Used,2014,Ford,Mustang GT,30678.0
Used,2022,Jeep,Gladiator Willys,30678.0
Used,2023,Volvo,XC60 B5 FWD Ultimate Bright,30688.0
Used,2022,MINI,Hardtop 2 Door John Cooper Works,30693.0
Used,2023,INFINITI,QX60 SENSORY,30694.0
Used,2023,Ford,Explorer XLT,30695.0
Used,2024,Ford,Expedition XLT,30696.0
Used,2024,Audi,Q5 40 Premium,30697.0
Used,2022,Mercedes,2022 Mercedes-Benz E-Class E 350,30697.0
Certified Pre-Owned,2023,Volkswagen,Atlas 3.6L V6 SE w/Technology,30742.0
Used,2023,Honda,Passport EX-L,30769.0
Used,2025,Toyota,RAV4 XLE,30790.0
Certified Pre-Owned,2024,Volkswagen,Golf GTI 2.0T SE,30809.0
Used,2025,Honda,Accord Hybrid Sport-L,30854.0
Certified Pre-Owned,2025,Honda,CR-V EX,30918.0
Used,2020,Jeep,Gladiator Mojave,30922.0
Used,2024,Toyota,RAV4 LE,30932.0
Used,2020,Toyota,Tacoma SR5 V6,30938.0
Certified Pre-Owned,2021,Honda,CR-V Touring,30948.0
Used,2025,Genesis,GV70 2.5T,30997.0
Used,2024,Honda,Ridgeline RTL,30997.0
Used,2024,Volkswagen,Atlas 2.0T SE w/Technology,31097.0
Used,2025,Volkswagen,Atlas 2.0T SE with Technology,31148.0
Used,2023,Audi,Q7 45 Premium,31178.0
Used,2025,Mazda,MX-5 Miata RF Grand Touring,31197.0
Certified Pre-Owned,2024,Honda,CR-V EX-L,31197.0
Used,2022,Toyota,Tacoma SR5 V6,31197.0
Used,2022,Acura,RDX w/A-Spec Package,31197.0
Used,2023,Audi,Q5 Premium,31197.0
Used,2025,Subaru,Outback Touring,31238.0
Used,2025,Kia,Sorento S,31278.0
Certified Pre-Owned,2024,Honda,CR-V EX,31297.0
Used,2023,Toyota,RAV4 XLE,31310.0
Used,2023,Hyundai,Santa Fe Limited,31395.0
Used,2021,Jeep,Grand Cherokee Summit,31463.0
Used,2023,Tesla,Model Y Long Range,31568.0
Used,2024,Chevrolet,Colorado LT,31586.0
Used,2024,Hyundai,Palisade Calligraphy,31598.0
Certified Pre-Owned,2024,Honda,CR-V Hybrid Sport,31608.0
Used,2025,Ford,Maverick XLT,31675.0
Used,2024,Subaru,Outback Touring XT,31688.0
Used,2022,Jeep,Gladiator Rubicon,31688.0
Used,2025,Toyota,Camry SE,31693.0
Used,2025,Toyota,RAV4 XLE,31694.0
Used,2024,Hyundai,IONIQ 5 Limited,31697.0
Used,2024,Acura,Integra A-Spec Tech Package,31697.0
Used,2023,Nissan,Pathfinder Rock Creek,31697.0
Used,2023,Toyota,Tacoma SR5 V6,31697.0
Used,2011,Ford,Mustang,31697.0
Used,2019,Ford,F-150,31918.0
Certified Pre-Owned,2024,Lincoln,Corsair Premiere,31919.0
Certified Pre-Owned,2022,Honda,Pilot Black Edition,31988.0
Certified Pre-Owned,2024,Honda,CR-V EX-L,31988.0
Used,2023,LEXUS,UX 250h Premium,31988.0
Used,2023,Jeep,Grand Cherokee Altitude,31994.0
Used,2025,Toyota,RAV4 XLE,31997.0
Used,2024,Toyota,Camry TRD V6,31997.0
Used,2024,Audi,Q3 Premium,31997.0
Certified Pre-Owned,2022,Mercedes,2022 Mercedes-Benz GLC 300,32097.0
Used,2022,Jeep,Grand Cherokee Summit,32097.0
Used,2022,Jeep,Wrangler Unlimited Rubicon,32106.0
Used,2020,Porsche,Macan S,32177.0
Used,2020,Toyota,4Runner SR5 Premium,32178.0
Certified Pre-Owned,2024,Honda,Accord Hybrid Touring,32197.0
Used,2025,Volkswagen,Tiguan SE R-Line Black,32228.0
Used,2023,Jeep,Gladiator Sport S,32247.0
Used,2024,CADILLAC,CT4 Luxury,32367.0
Used,2025,CADILLAC,XT4 Premium Luxury,32388.0
Used,2025,Mazda,CX-50 2.5 S Premium Plus Package,32397.0
Used,2023,BMW,i4 eDrive35,32438.0
Certified Pre-Owned,2025,Honda,CR-V Hybrid Sport,32448.0
Used,2023,Audi,Q5 Sportback S line Premium,32468.0
Used,2024,Hyundai,Palisade SEL,32488.0
Certified Pre-Owned,2024,Honda,CR-V Hybrid Sport-L,32497.0
Used,2025,Toyota,Prius XLE,32497.0
Certified Pre-Owned,2026,Honda,CR-V EX,32497.0
Used,2023,Jeep,Grand Cherokee L Limited,32528.0
Used,2024,Acura,RDX A-Spec Package,32597.0
Used,2023,Audi,Q5 S line Premium,32648.0
Used,2023,Jeep,Gladiator Overland,32678.0
Used,2023,BMW,X1 xDrive28i,32680.0
Used,2023,Ford,Explorer Limited,32696.0
Used,2025,Mazda,CX-70 3.3 Turbo S Premium Package,32697.0
Used,2022,Chevrolet,Silverado 1500 LTD Custom Trail Boss,32860.0
Used,2025,Toyota,RAV4 XLE Premium,32909.0
Used,2021,Toyota,Tacoma 4WD TRD Off Road,32939.0
Certified Pre-Owned,2025,Honda,CR-V Hybrid Sport-L,32988.0
Used,2026,Volkswagen,Atlas SE,32997.0
Used,2025,Ford,Transit Cargo Van,32997.0
Used,2025,Ford,Ranger XLT,32999.0
Certified Pre-Owned,2026,Volkswagen,Atlas SE,33044.0
Certified Pre-Owned,2024,Nissan,Pathfinder SL,33091.0
Used,2026,Volkswagen,Atlas Cross Sport 2.0T SE w/Technology,33136.0
Used,2025,Ford,Ranger XLT,33196.0
Used,2024,Audi,A4 S line Premium Plus,33197.0
Used,2023,Nissan,Frontier PRO-4X,33233.0
Used,2024,Toyota,Tacoma 2WD SR5,33241.0
Used,2020,Ford,F-150 LARIAT,33278.0
Used,2022,Ram,2500 Big Horn,33278.0
Used,2023,Jeep,Grand Cherokee Overland,33278.0
Used,2024,Toyota,RAV4 Hybrid XLE Premium,33292.0
Certified Pre-Owned,2024,Volkswagen,Atlas 2.0T SE w/Technology,33367.0
Used,2024,Nissan,Pathfinder Rock Creek,33381.0
Certified Pre-Owned,2025,Honda,CR-V Hybrid Sport-L,33397.0
Used,2024,GMC,Canyon Elevation,33478.0
Used,2025,Honda,Odyssey EX-L,33497.0
Used,2021,LEXUS,IS 350 F SPORT,33538.0
Used,2020,BMW,X7 xDrive40i,33538.0
Used,2023,Audi,Q7 45 Premium,33646.0
Used,2024,Jeep,Grand Cherokee Altitude X,33678.0
Used,2024,Jeep,Wagoneer L Series II,33678.0
Certified Pre-Owned,2024,Honda,CR-V EX-L,33686.0
Used,2024,Jeep,Wrangler Sport,33688.0
Used,2025,Genesis,GV80 2.5T Standard,33688.0
Certified Pre-Owned,2025,Honda,Accord Hybrid Touring,33688.0
Certified Pre-Owned,2025,BMW,230i,33691.0
Certified Pre-Owned,2025,Honda,Odyssey EX-L,33848.0
Used,2024,Toyota,RAV4 XLE Premium,33880.0
Used,2024,Honda,CR-V Hybrid Sport-L,33921.0
Used,2025,Subaru,Outback Touring XT,33923.0
Used,2024,Honda,CR-V EX-L,33923.0
Used,2025,Toyota,Highlander LE,33948.0
Certified Pre-Owned,2024,Honda,CR-V Hybrid Sport-L,33988.0
Certified Pre-Owned,2021,Toyota,RAV4 Hybrid XSE,33998.0
Used,2021,Jeep,Gladiator Mojave,34060.0
Used,2024,Nissan,Frontier PRO-4X,34081.0
Used,2025,Tesla,Model 3 Long Range,34169.0
Used,2021,Toyota,4Runner Venture,34198.0
Certified Pre-Owned,2023,Acura,RDX w/A-Spec Package,34234.0
Certified Pre-Owned,2023,Honda,Pilot Elite,34273.0
Used,2023,Audi,S3 Premium Plus,34297.0
Used,2021,BMW,X5 xDrive40i,34338.0
Certified Pre-Owned,2024,Honda,Passport TrailSport,34347.0
Used,2022,Jeep,Wagoneer Series II,34397.0
Used,2023,Honda,Odyssey Elite,34436.0
Used,2022,GMC,Sierra 1500 Limited SLT,34498.0
Certified Pre-Owned,2024,Honda,Ridgeline RTL,34548.0
Used,2022,Toyota,Highlander Limited,34548.0
Used,2023,Jeep,Wrangler 4xe Rubicon 20th Anniversary,34568.0
Used,2021,Ram,1500 Rebel,34602.0
Used,2026,Volkswagen,Atlas SE w/Technology,34618.0
Used,2023,GMC,Acadia Denali,34628.0
Used,2023,Audi,Q5 45 S Line Premium,34646.0
Used,2025,Chevrolet,Silverado 1500 LT,34648.0
Used,2024,Audi,Q4 Sportback e-tron Prestige,34688.0
Used,2023,Acura,RDX A-Spec Package,34696.0
Used,2025,Ford,Explorer ST-Line,34697.0
Used,2023,Honda,Passport EX-L,34923.0
Certified Pre-Owned,2024,Mercedes,2024 Mercedes-Benz C-Class C 300 4MATIC,34963.0
Used,2022,Jeep,Gladiator Rubicon,34988.0
Certified Pre-Owned,2024,Honda,CR-V Hybrid Sport Touring,34988.0
Certified Pre-Owned,2024,Honda,CR-V Hybrid Sport-L,34988.0
Used,2024,Acura,RDX,34996.0
Used,2021,BMW,X4 M40i,34996.0
Used,2024,Honda,Passport TrailSport,34997.0
Certified Pre-Owned,2022,Mercedes,2022 Mercedes-Benz GLE 350 4MATIC,34997.0
Used,2025,BMW,X1 xDrive28i,34997.0
Used,2025,Honda,CR-V EX-L,34997.0
Used,2022,Mercedes,2022 Mercedes-Benz GLE 350 4MATIC®,34997.0
Used,2023,Audi,Q7 55 Premium,34998.0
Certified Pre-Owned,2025,Honda,CR-V Hybrid Sport-L,35186.0
Used,2022,Audi,Q7 Premium Plus,35207.0
Used,2025,Subaru,Outback Touring XT,35324.0
Certified Pre-Owned,2023,Acura,MDX FWD Technology Package,35338.0
Used,2025,Honda,CR-V Hybrid Sport-L,35348.0
Used,2021,Chevrolet,Silverado 1500 Custom Trail Boss,35421.0
Used,2023,Dodge,Challenger R/T,35440.0
Certified Pre-Owned,2025,Honda,CR-V Hybrid Sport-L,35448.0
Used,2025,Jeep,Grand Cherokee Limited,35478.0
Used,2024,Lincoln,Corsair Reserve,35494.0
Used,2023,Acura,RDX Technology Package,35497.0
Used,2024,Kia,Sorento X-Line SX Prestige,35521.0
Used,2023,Toyota,RAV4 Limited,35592.0
Certified Pre-Owned,2023,Mercedes,2023 Mercedes-Benz GLC 300 4MATIC,35597.0
Used,2023,Ford,Bronco,35650.0
Used,2024,Ford,F-150 XLT,35678.0
Certified Pre-Owned,2024,Honda,CR-V Hybrid Sport-L,35686.0
Used,2022,Ford,Bronco,35694.0
Used,2024,LEXUS,ES 350,35695.0
Used,2025,Hyundai,Palisade XRT,35697.0
Used,2024,BMW,530i,35918.0
Used,2024,BMW,i4 eDrive40,35920.0
Used,2023,Volvo,XC90 B6 AWD Plus 7-Seater,35994.0
Used,2021,BMW,M340i M340i,36197.0
Used,2025,Hyundai,Santa Fe Hybrid Limited,36197.0
Used,2023,Audi,A5 45 S Line Premium Plus,36197.0
Used,2023,Jeep,Gladiator Mojave,36234.0
Certified Pre-Owned,2023,Acura,RDX Technology Package,36268.0
Used,2022,Chevrolet,Silverado 1500 LTD RST,36318.0
Used,2023,GMC,Sierra 1500 SLT,36348.0
Used,2025,Ford,Explorer Active,36372.0
Used,2025,Honda,Pilot Sport,36406.0
Used,2022,Ford,F-150 LARIAT,36426.0
Used,2025,Toyota,GR Corolla Premium,36464.0
Used,2021,Audi,SQ7 4.0T Premium Plus,36471.0
Used,2023,Honda,Pilot TrailSport,36573.0
Certified Pre-Owned,2024,Honda,CR-V Hybrid Sport-L,36597.0
Used,2023,Audi,A5 S line Premium Plus,36648.0
Used,2022,Mercedes,2022 Mercedes-Benz GLE 450 4MATIC®,36673.0
Certified Pre-Owned,2024,Nissan,Pathfinder Platinum,36678.0
Used,2025,Toyota,RAV4 Hybrid XLE,36678.0
Certified Pre-Owned,2023,Mercedes,2023 Mercedes-Benz EQE 350+,36688.0
Used,2025,Kia,Sorento X-Line SX Prestige,36688.0
Used,2024,Tesla,Model Y Long Range,36688.0
Used,2024,Honda,Passport TrailSport,36688.0
Used,2023,Mercedes,2023 Mercedes-Benz GLC 300 4MATIC®,36697.0
Used,2023,Honda,Pilot Touring,36796.0
Used,2022,LEXUS,ES 350 Ultra Luxury,36871.0
Used,2021,Chevrolet,Silverado 1500 LT Trail Boss,36884.0
Used,2023,GMC,Canyon Denali,36918.0
Used,2022,Acura,RDX Advance Package,37031.0
Certified Pre-Owned,2023,Lincoln,Nautilus Reserve,37084.0
Used,2018,Ford,F-150 Raptor,37137.0
Certified Pre-Owned,2023,Mercedes,2023 Mercedes-Benz GLC 300,37197.0
Used,2022,Porsche,Macan Base,37197.0
Certified Pre-Owned,2025,Audi,Q3 S line Premium Plus,37197.0
Certified Pre-Owned,2025,Honda,Ridgeline TrailSport,37197.0
Certified Pre-Owned,2024,Honda,Pilot Touring,37248.0
Used,2024,Jeep,Wrangler Rubicon,37261.0
Used,2025,Chevrolet,Silverado 1500 LT w/1LT,37296.0
Used,2025,Ford,F-150 XLT,37456.0
Used,2025,Hyundai,Santa Fe Calligraphy,37498.0
Used,2023,CADILLAC,XT6 Sport,37568.0
Used,2015,Porsche,Boxster,37598.0
Used,2021,Chevrolet,Tahoe RST,37678.0
Certified Pre-Owned,2025,Honda,Odyssey Sport-L,37685.0
Used,2022,Ram,2500 Tradesman,37693.0
Certified Pre-Owned,2026,Honda,CR-V Hybrid TrailSport,37696.0
Used,2024,Hyundai,Palisade Calligraphy,37897.0
Certified Pre-Owned,2024,Acura,RDX w/A-Spec Package,37911.0
Certified Pre-Owned,2026,Volkswagen,Atlas SE w/Technology,37967.0
Used,2025,Kia,Telluride EX,38197.0
Used,2023,Honda,Pilot Touring,38197.0
Used,2023,Audi,SQ5 Premium Plus,38197.0
Used,2026,Dodge,Durango GT,38238.0
Used,2024,Toyota,Tacoma SR5,38263.0
Used,2020,Chevrolet,Silverado 1500 High Country,38297.0
Used,2024,Honda,Passport TrailSport,38306.0
Used,2024,Ford,F-150 XLT,38358.0
Certified Pre-Owned,2019,Porsche,Macan S,38497.0
Used,2025,Kia,Sorento Hybrid SX Prestige,38586.0
Used,2023,Jeep,Wrangler 4-DOOR RUBICON 4X4,38648.0
Certified Pre-Owned,2022,Mercedes,2022 Mercedes-Benz GLE 350 4MATIC,38685.0
Used,2023,Genesis,GV80 3.5T Advanced,38688.0
Certified Pre-Owned,2025,Honda,Passport TrailSport,38688.0
Certified Pre-Owned,2024,Acura,MDX SH-AWD Technology Package,38696.0
Certified Pre-Owned,2022,Mercedes,2022 Mercedes-Benz GLE 350 4MATIC®,38696.0
Used,2024,LEXUS,IS 300 IS 300 F SPORT,38697.0
Used,2025,Subaru,Outback Touring XT,38705.0
Used,2025,Chevrolet,Colorado Z71,38898.0
Certified Pre-Owned,2025,Honda,Ridgeline Black Edition,38948.0
Used,2023,Ram,1500 Big Horn,38968.0
Used,2024,LEXUS,NX 350 NX 350,38997.0
Used,2025,Toyota,Sienna XLE 8 Passenger,38998.0
Used,2024,Toyota,Tacoma 4WD TRD Sport,38998.0
Used,2025,LEXUS,UX 300h UX 300h Premium,39028.0
Used,2024,LEXUS,NX 250 Premium,39070.0
Used,2023,BMW,X5 sDrive40i,39072.0
Certified Pre-Owned,2022,Mercedes,2022 Mercedes-Benz GLE 350 4MATIC,39097.0
Used,2025,Audi,Q7 45 Premium Plus,39128.0
Used,2023,Chevrolet,Colorado ZR2,39171.0
Used,2024,Chevrolet,Colorado Z71,39178.0
Used,2023,Audi,S4 3.0T Premium Plus,39197.0
Certified Pre-Owned,2024,Acura,MDX 3.5L,39246.0
Used,2024,Toyota,RAV4 Hybrid XSE,39266.0
Used,2022,Ram,2500 Laramie,39455.0
Certified Pre-Owned,2026,Volkswagen,Atlas SEL,39499.0
Certified Pre-Owned,2024,BMW,330i xDrive,39579.0
Certified Pre-Owned,2025,Honda,CR-V Hybrid Sport Touring,39597.0
Used,2022,Toyota,4Runner SR5 Premium,39598.0
Certified Pre-Owned,2026,Honda,Odyssey EX-L,39688.0
Certified Pre-Owned,2024,Acura,MDX 3.5L,39772.0
Used,2023,Audi,Q7 55 Prestige,39868.0
Certified Pre-Owned,2026,Honda,Passport RTL,39897.0
Certified Pre-Owned,2024,Acura,MDX SH-AWD Advance Package,39918.0
Used,2022,Acura,MDX SH-AWD with A-Spec Package,39918.0
Used,2025,Toyota,RAV4 Limited,39990.0
Used,2025,Ram,1500 Rebel,39997.0
Used,2025,Honda,Pilot EX-L,39997.0
Certified Pre-Owned,2024,Acura,RDX Technology Package,39998.0
Used,2024,Lincoln,Nautilus Premiere,40196.0
Certified Pre-Owned,2026,Honda,CR-V Hybrid Sport Touring,40197.0
Used,2021,Dodge,Challenger R/T Scat Pack,40413.0
Certified Pre-Owned,2024,Honda,Pilot Touring,40448.0
Used,2022,Toyota,4Runner Limited,40543.0
Used,2024,Jeep,Grand Cherokee Overland,40649.0
Used,2024,Jeep,Wagoneer L Series III,40656.0
Used,2024,Toyota,Tacoma TRD Sport,40678.0
Used,2024,Ford,Bronco Outer Banks,40678.0
Used,2024,Hyundai,Palisade Calligraphy Night Edition,40678.0
Used,2023,Acura,MDX SH-AWD A-Spec Package,40679.0
Used,2022,Toyota,4Runner Limited,40688.0
Used,2022,LEXUS,NX 450h+ Luxury,40691.0
Used,2023,Audi,Q7 55 Premium,40697.0
Used,2024,Honda,Pilot TrailSport,40848.0
Used,2023,BMW,540i xDrive,40973.0
Used,2016,Chevrolet,SS Base,40996.0
Used,2024,Ford,Ranger Lariat,41109.0
Certified Pre-Owned,2025,Honda,Odyssey Touring,41138.0
Used,2024,LEXUS,IS 300,41488.0
Certified Pre-Owned,2024,Honda,Pilot Touring,41488.0
Used,2025,Kia,Telluride EX X-Line,41548.0
Used,2023,Jeep,Grand Cherokee Summit,41620.0
Used,2024,Honda,Pilot Touring,41647.0
Used,2025,Toyota,Grand Highlander XLE,41697.0
Used,2021,Maserati,Levante GTS,41697.0
Used,2022,Audi,A5 Prestige,41697.0
Certified Pre-Owned,2023,Honda,Pilot TrailSport,41848.0
Used,2023,Mercedes,2023 Mercedes-Benz GLE 350,41991.0
Used,2023,Chevrolet,Suburban LT,42073.0
Used,2025,Audi,A5 2.0T Premium Plus,42097.0
Used,2024,Toyota,Sienna XSE 7 Passenger,42155.0
Used,2025,Honda,Pilot Touring,42197.0
Used,2025,Ford,F-150 XLT,42197.0
Certified Pre-Owned,2023,Mercedes,2023 Mercedes-Benz GLE 350,42238.0
Used,2023,Ram,2500 Big Horn,42243.0
Used,2020,Ram,2500 Power Wagon,42325.0
Used,2025,Jeep,Grand Cherokee Overland,42370.0
Used,2023,Audi,SQ5 Premium Plus,42438.0
Certified Pre-Owned,2024,Honda,Pilot Touring,42448.0
Used,2026,Jeep,Wrangler Sahara,42643.0
Certified Pre-Owned,2023,Lincoln,Nautilus Reserve,42678.0
Used,2025,LEXUS,IS IS 300,42696.0
Certified Pre-Owned,2025,Acura,MDX w/Technology Package,42697.0
Used,2023,LEXUS,IS IS 350 F SPORT,42897.0
Used,2021,Chevrolet,Tahoe RST,42932.0
Certified Pre-Owned,2026,Volkswagen,Atlas Cross Sport SEL R-Line Black,43153.0
Used,2021,Chevrolet,Tahoe High Country,43297.0
Certified Pre-Owned,2024,BMW,X3 xDrive30i,43319.0
Certified Pre-Owned,2025,Acura,MDX,43596.0
Used,2023,Audi,A7 Premium Plus,44118.0
Used,2024,Toyota,Sienna XLE,44197.0
Used,2025,Acura,TLX A-Spec Package,44297.0
Used,2023,BMW,iX xDrive50,44370.0
Used,2022,Chevrolet,Tahoe Z71,44378.0
Certified Pre-Owned,2025,Honda,Pilot TrailSport,44548.0
Used,2024,Genesis,GV80 3.5T,44623.0
Used,2024,Jeep,Grand Cherokee L Summit Reserve,44678.0
Used,2024,LEXUS,NX 350h Premium,44688.0
Used,2023,Ford,Bronco Wildtrak,44957.0
Used,2024,Chevrolet,Tahoe LS,44988.0
Used,2021,Toyota,Sequoia Platinum,44992.0
Used,2022,LEXUS,GX 460,44998.0
Certified Pre-Owned,2023,Acura,MDX w/Advance Package,45148.0
Used,2023,Dodge,Charger Scat Pack,45355.0
Used,2025,Toyota,Tacoma i-FORCE MAX TRD Sport,45383.0
Certified Pre-Owned,2025,Honda,Pilot Touring,45448.0
Used,2024,GMC,Canyon 4WD Denali,45448.0
Used,2024,Toyota,Grand Highlander Limited,45560.0
Certified Pre-Owned,2023,Mercedes,2023 Mercedes-Benz EQS 450+,45597.0
Used,2025,Audi,Q7 55 Premium Plus,45697.0
Used,2025,Mercedes,2025 Mercedes-Benz GLE 350 GLE 350,45697.0
Used,2021,GMC,Yukon Denali,45939.0
Used,2025,LEXUS,RX 350 Base,45968.0
Certified Pre-Owned,2026,BMW,330i,45994.0
Certified Pre-Owned,2023,Mercedes,2023 Mercedes-Benz EQS 450+,46128.0
Used,2024,GMC,Sierra 2500 HD Pro,46179.0
Used,2024,Chevrolet,Traverse RS,46196.0
Certified Pre-Owned,2023,Mercedes,2023 Mercedes-Benz EQS 450+,46248.0
Used,2025,LEXUS,ES ES 350,46688.0
Used,2024,Toyota,Grand Highlander Limited,46755.0
Certified Pre-Owned,2024,Audi,Q8 Sportback e-tron S line Prestige,47397.0
Used,2026,Ford,Explorer ST,47462.0
Used,2025,Chevrolet,Silverado 2500 HD LT,47597.0
Certified Pre-Owned,2024,Lincoln,Nautilus Reserve,47650.0
Certified Pre-Owned,2025,Honda,Civic Type R,47688.0
Used,2023,BMW,X7 xDrive40i,47691.0
Used,2024,LEXUS,TX 350 350,47978.0
Used,2026,BMW,430i,47997.0
Used,2024,Chevrolet,Tahoe LS,48410.0
Used,2024,BMW,iX xDrive50,48691.0
Used,2025,BMW,M240i M240i,48697.0
Used,2023,Porsche,Macan T,49028.0
Used,2024,Ford,Bronco Wildtrak,49094.0
Used,2023,Ram,1500 Limited,49138.0
Used,2019,Toyota,Tundra 1794 5.7L V8,49197.0
Used,2025,Mercedes,2025 Mercedes-Benz Sprinter Cargo Van Cargo 170 WB,49597.0
Used,2023,Ram,2500 Power Wagon,49678.0
Used,2024,GMC,Sierra 1500 Denali Ultimate,49678.0
Used,2025,BMW,X7 xDrive40i,49979.0
Used,2025,Ford,F-350 XL,49997.0
Certified Pre-Owned,2024,Mercedes,2024 Mercedes-Benz GLE 350 4MATIC®,49997.0
Used,2023,GMC,Sierra 1500 Denali,50197.0
Certified Pre-Owned,2022,Mercedes,2022 Mercedes-Benz GLS 450 4MATIC®,50338.0
Used,2023,Audi,e-tron GT Premium Plus,50497.0
Used,2025,Toyota,Highlander Hybrid Hybrid XLE,50648.0
Used,2024,Toyota,Tundra i-FORCE MAX Limited,50998.0
Used,2025,Chevrolet,Silverado 1500 LT Trail Boss,51083.0
Used,2023,Chevrolet,Silverado 1500 ZR2,51236.0
Certified Pre-Owned,2025,Acura,MDX SH-AWD Technology Package,51238.0
Used,2025,Toyota,Highlander Platinum,51418.0
Used,2024,LEXUS,RX 350 Luxury,51474.0
Used,2023,Ford,F-150 LARIAT,51688.0
Used,2025,Ford,Bronco Badlands,52196.0
Used,2024,Mercedes,2024 Mercedes-Benz GLE 450 4MATIC,53194.0
Used,2022,Ford,Mustang Mach 1,53678.0
Used,2026,Toyota,Tundra Limited,54298.0
Certified Pre-Owned,2023,Mercedes,2023 Mercedes-Benz GLS 450 4MATIC,54978.0
Used,2024,LEXUS,TX 350 Luxury,54998.0
Used,2024,Toyota,Tundra i-FORCE MAX Platinum,55196.0
Used,2025,Ram,1500 Limited,55337.0
Used,2025,Toyota,4Runner TRD Sport Premium,55448.0
Used,2021,Ford,F-250 Lariat,55648.0
Used,2023,Chevrolet,Tahoe Premier,55680.0
Used,2024,Chevrolet,Tahoe Premier,55688.0
Used,2024,Ford,F-150 Platinum,55692.0
Certified Pre-Owned,2025,Mercedes,2025 Mercedes-Benz GLE 350,55696.0
Certified Pre-Owned,2026,BMW,i5 eDrive40,55998.0
Used,2025,Toyota,Grand Highlander Hybrid Limited,56348.0
Used,2023,Chevrolet,Tahoe Z71,56578.0
Used,2024,Ram,2500 Power Wagon,56678.0
Used,2023,Chevrolet,Tahoe Z71,56678.0
Used,2025,Audi,S5 3.0T Premium Plus,56696.0
Certified Pre-Owned,2024,BMW,X5 xDrive40i,57081.0
Used,2024,Chevrolet,Tahoe RST,57588.0
Used,2025,Genesis,GV80 3.5T Prestige AWD,58428.0
Certified Pre-Owned,2026,BMW,530i,58521.0
Certified Pre-Owned,2024,Mercedes,2024 Mercedes-Benz GLE 450 4MATIC,58968.0
Used,2026,Acura,MDX w/A-Spec Advance Package,58999.0
Used,2025,GMC,Sierra 1500 Denali,59097.0
Used,2023,Chevrolet,Tahoe High Country,59098.0
Used,2024,Mercedes,2024 Mercedes-Benz GLS 450 GLS 450,59597.0
Used,2025,LEXUS,TX 350 TX 350 Premium,59988.0
Used,2024,Chevrolet,Tahoe RST,59997.0
Used,2020,Porsche,Cayenne Turbo,60138.0
Certified Pre-Owned,2025,BMW,X5 xDrive40i,60141.0
Used,2025,Genesis,GV80 3.5T Prestige,60228.0
Used,2023,Mercedes,2023 Mercedes-Benz AMG GLE 53 AMG GLE 53,60397.0
Certified Pre-Owned,2026,Mercedes,2026 Mercedes-Benz GLE 350 4MATIC®,60693.0
Used,2024,Volvo,V60 plug-in hybrid T8 Polestar Engineered,61678.0
Used,2023,BMW,X7 M60i,61948.0
Certified Pre-Owned,2023,Porsche,Cayenne Coupe Platinum Edition,61997.0
Used,2025,Ford,F-150 King Ranch,62346.0
Used,2024,Toyota,Land Cruiser,62678.0
Certified Pre-Owned,2026,Mercedes,2026 Mercedes-Benz GLE 350 4MATIC®,63196.0
Used,2025,BMW,X5 xDrive40i,63478.0
Used,2024,Chevrolet,Silverado 2500 HD High Country,63678.0
Used,2022,BMW,M4 Competition,63690.0
Used,2021,Ram,1500 TRX,63978.0
Used,2024,Mercedes,2024 Mercedes-Benz CLE 450 CLE 450,64998.0
Certified Pre-Owned,2025,Mercedes,2025 Mercedes-Benz GLE 450e 4MATIC,65683.0
Used,2023,Dodge,Challenger SRT Hellcat,67678.0
Used,2021,LEXUS,LX 570 Two-Row,68357.0
Used,2025,Toyota,4Runner i-FORCE MAX TRD Pro,68468.0
Certified Pre-Owned,2025,Mercedes,2025 Mercedes-Benz AMG® GLE 53 4MATIC®,68597.0
Used,2024,GMC,Sierra 2500 HD AT4,68674.0
Used,2025,GMC,Sierra 2500HD AT4,68688.0
Used,2025,GMC,Yukon AT4,69296.0
Certified Pre-Owned,2024,Mercedes,2024 Mercedes-Benz GLS 450 4MATIC,69973.0
Used,2024,GMC,Yukon Denali,73197.0
Certified Pre-Owned,2025,Mercedes,2025 Mercedes-Benz AMG E 53 E 4MATIC,73628.0
Used,2024,Chevrolet,Silverado 2500 HD ZR2,73677.0
Certified Pre-Owned,2024,BMW,760i xDrive,74991.0
Used,2021,Aston,Martin DBX,74998.0
Used,2024,Ford,F-250 LARIAT,75548.0
Used,2024,BMW,X7 M60i,75677.0
Certified Pre-Owned,2024,Porsche,Cayenne Coupe,75688.0
Used,2022,Dodge,Charger SRT Hellcat Widebody,75896.0
Used,2026,Chevrolet,Tahoe High Country,76202.0
Used,2024,LEXUS,GX 550 Overtrail,76251.0
Used,2022,Ram,1500 TRX,76897.0
Used,2024,BMW,X6 M60i,77197.0
Used,2019,Aston,Martin Vantage,79593.0
Used,2024,BMW,M4 Competition xDrive,80693.0
Certified Pre-Owned,2022,Porsche,Taycan Cross Turismo 4S,81688.0
Used,2022,BMW,M5,81860.0
Certified Pre-Owned,2025,Porsche,Taycan,86938.0
Used,2024,Audi,RS 7 4.0T performance,97918.0
Certified Pre-Owned,2024,Porsche,Taycan GTS,104688.0
Used,2021,LEXUS,LC 500 LC 500,106697.0
Used,2022,Mercedes,2022 Mercedes-Benz AMG® G 63 4MATIC®,152885.0
Used,2022,Porsche,911 Targa 4 GTS,176688.0
Used,2026,Jeep,Compass Latitude Altitude,24999.0
Used,2022,Honda,Odyssey EX,28948.0
Used,2026,Hyundai,Santa Cruz SEL Activity,31679.0
Certified Pre-Owned,2025,Acura,ADX w/A-Spec Package,34998.0
Certified Pre-Owned,2025,Acura,ADX w/A-Spec Advance Package,37153.0
Used,2025,Honda,CR-V Hybrid Sport-L,37667.0
Certified Pre-Owned,2025,Audi,Q5 Premium,40997.0
Certified Pre-Owned,2026,Mercedes,2026 Mercedes-Benz C 300,46218.0
Used,2026,Chevrolet,Silverado 1500 RST,50678.0
Certified Pre-Owned,2026,Mercedes,2026 Mercedes-Benz E-Class 4MATIC,72088.0
Certified Pre-Owned,2026,Porsche,Cayenne E-Hybrid,111397.0
Used,2010,Honda,Civic LX,4988.0
Used,2014,BMW,X3 xDrive28i,4999.0
Used,2014,Chevrolet,Traverse LT w/1LT,4999.0
Used,2003,Acura,TL 3.2 Type S,5586.0
Used,2017,Chevrolet,Spark LT w/1LT CVT,5696.0
Used,2016,Hyundai,Elantra SE,5998.0
Used,2013,Mazda,Mazda3 i Touring,5998.0
Used,2013,Ford,Escape SEL,6155.0
Used,2018,Hyundai,Santa Fe Sport 2.4L,6697.0
Used,2016,Volkswagen,Jetta 1.4T S w/Technology Automatic,6796.0
Used,2015,Kia,Sorento LX,6988.0
Used,2015,Buick,LaCrosse Leather,7458.0
Used,2009,Ford,F-150 STX,7478.0
Used,2010,Honda,CR-V EX-L,7678.0
Used,2012,Toyota,RAV4 Limited V6 4WD,7678.0
Used,2016,Jeep,Renegade 75th Anniversary,7678.0
Used,2020,Nissan,Rogue SV,8278.0
Used,2017,Subaru,Crosstrek 2.0i Premium,8279.0
Used,2014,Ford,Mustang,8798.0
Used,2015,Toyota,Prius Two,8997.0
Used,2016,Honda,Accord LX,9792.0
Used,2019,Toyota,Camry SE,10665.0
Used,2012,Toyota,Highlander V6 FWD,10678.0
Used,2014,Jeep,Grand Cherokee Laredo,10678.0
Used,2019,Ford,Explorer XLT,10997.0
Used,2013,Honda,Civic LX,11139.0
Used,2018,Volkswagen,Tiguan 2.0T SEL,11696.0
Used,2018,Volkswagen,Atlas 3.6L V6 SEL Premium,12078.0
Used,2013,Toyota,Highlander Plus V6,12639.0
Used,2020,Hyundai,Santa Fe Limited,12997.0
Used,2017,Buick,Encore Premium,12997.0
Used,2017,LEXUS,ES ES 350,12998.0
Used,2019,Honda,Odyssey EX,12998.0
Used,2019,Toyota,RAV4 Adventure,13298.0
Used,2019,Honda,Pilot Touring 7-Passenger,13678.0
Used,2016,Toyota,RAV4 Limited,13981.0
Used,2015,Toyota,Sienna Ltd Premium,14028.0
Used,2015,GMC,Yukon Denali,14422.0
Used,2020,Jeep,Compass Limited,14998.0
Used,2014,Jeep,Wrangler Rubicon 4x4,16677.0
Used,2018,Jeep,Grand Cherokee Limited,17246.0
Used,2021,Nissan,Sentra S,18468.0
Used,2020,Honda,Passport EX-L FWD,18678.0
Used,2024,Nissan,Sentra S,19618.0
Used,2022,Jeep,Compass High Altitude,20178.0
Used,2023,Nissan,Kicks SR,20297.0
Used,2023,Jeep,Grand Cherokee Altitude,20994.0
Used,2019,Jeep,Wrangler Unlimited Sport,21135.0
Used,2025,Mazda,Mazda3 Sedan 2.5 S Select Sport,21197.0
Used,2017,Toyota,4Runner SR5,21597.0
Used,2023,Hyundai,Santa Fe SEL,21797.0
Used,2024,Mazda,CX-30 2.5 S Preferred Package,21988.0
Used,2025,Hyundai,Sonata SEL,22197.0
Used,2024,Jeep,Grand Cherokee 4xe 4xe,22532.0
Used,2025,Jeep,Compass Latitude,23396.0
Used,2024,Hyundai,Elantra Limited,23397.0
Used,2019,Honda,Accord Hybrid EX-L,23678.0
Used,2019,Chevrolet,Blazer Premier,23997.0
Used,2019,Chevrolet,Silverado 1500 LT,24507.0
Used,2019,Acura,MDX 3.5L Tech & A-Spec Pkgs,24597.0
Used,2024,Ford,Bronco Sport Big Bend,24649.0
Used,2020,Jeep,Grand Cherokee High Altitude,24678.0
Used,2024,Kia,Sportage EX,24986.0
Used,2024,Mazda,CX-5 2.5 S Carbon Edition,25627.0
Used,2020,Cadillac,CT5 Premium Luxury,26059.0
Used,2021,Chrysler,Pacifica Limited,26178.0
Used,2025,Honda,Civic Sport,26488.0
Used,2025,Honda,Civic Sport,26548.0
Used,2024,Honda,Accord EX,26686.0
Used,2025,Chrysler,Pacifica Limited,28546.0
Certified Pre-Owned,2021,Honda,CR-V EX-L AWD,28577.0
Certified Pre-Owned,2023,Honda,Accord EX,28678.0
Used,2021,Honda,Odyssey EX-L,28848.0
Certified Pre-Owned,2024,Honda,Accord Hybrid Sport-L,29678.0
Certified Pre-Owned,2025,Honda,CR-V LX,30178.0
Used,2025,Chrysler,Pacifica Limited,30278.0
Used,2021,Honda,Pilot Elite AWD,30678.0
Certified Pre-Owned,2023,Lincoln,Nautilus Reserve,30706.0
Used,2024,Acura,Integra A-Spec Tech Package,31438.0
Used,2022,Jeep,Wrangler Unlimited Willys,31678.0
Certified Pre-Owned,2024,Honda,CR-V EX,32178.0
Used,2023,Honda,CR-V Hybrid Sport,33686.0
Used,2024,Ford,F-150 STX,33818.0
Certified Pre-Owned,2023,Honda,Ridgeline RTL-E,34678.0
Used,2024,Audi,Q5 45 S Line Premium Plus,34838.0
Used,2025,Toyota,RAV4 XLE Premium,34848.0
Used,2023,Dodge,Challenger R/T,35677.0
Used,2023,Acura,RDX Technology Package,36697.0
Certified Pre-Owned,2025,Volkswagen,Golf GTI 2.0T Autobahn,36713.0
Used,2023,Acura,RDX Technology Package,36897.0
Used,2023,Jeep,Gladiator Rubicon,39112.0
Used,2025,BMW,X5 PHEV xDrive50e,39697.0
Certified Pre-Owned,2025,Honda,Pilot EX-L,40638.0
Used,2026,Jeep,Grand Cherokee Limited Reserve,40678.0
Used,2025,Ford,Bronco Big Bend,42347.0
Used,2024,LEXUS,IS IS 350 F SPORT,42454.0
Used,2025,Mazda,CX-90 S Premium Plus Package,42578.0
Used,2021,GMC,Yukon Denali,43096.0
Used,2025,Audi,Q5 Premium Plus,44197.0
Used,2024,Toyota,Grand Highlander Limited,45697.0
Used,2025,Honda,Pilot Black Edition,47688.0
Used,2024,Audi,Q8 55 Premium,48918.0
Used,2024,Genesis,GV80 3.5T Prestige Matte,49678.0
Used,2025,Ford,Bronco Outer Banks,49688.0
Used,2024,Genesis,GV80 3.5T Advanced,49997.0
Used,2025,Ford,Ranger Raptor,54178.0
Used,2023,Chevrolet,Tahoe Z71,55678.0
Used,2025,GMC,Sierra 1500 Denali,58678.0
Used,2025,Audi,SQ6 e-tron Prestige,61197.0
Used,2003,Lincoln,Navigator Luxury,9678.0
Used,2022,GMC,Acadia SLE,14178.0
Used,2018,Chevrolet,Camaro 2LT,15678.0
Used,2021,Mazda,CX-5 Touring,19436.0
Used,2019,Chevrolet,Silverado 1500 RST,21678.0
Used,2018,Chevrolet,Silverado 1500 LT,21678.0
Used,2023,Ford,Explorer XLT,24178.0
Used,2017,Chevrolet,Silverado 1500 LT,24178.0
Used,2021,Jeep,Grand Cherokee L Limited,24678.0
Certified Pre-Owned,2024,Honda,Accord EX,29997.0
Certified Pre-Owned,2025,Honda,CR-V LX,30667.0
Used,2021,Ford,F-150 XL,33678.0
Used,2026,Subaru,Outback Premium,34197.0
Certified Pre-Owned,2026,Honda,CR-V EX,35347.0
Used,2022,Toyota,Camry TRD V6,35678.0
Used,2020,Dodge,Charger Scat Pack Widebody,37478.0
Used,2025,BMW,i4 eDrive40,39978.0
Used,2021,GMC,Yukon AT4,43678.0
Used,2023,Ford,F-150 XL,49678.0
Used,2023,LEXUS,GX GX 460 Premium,56678.0
Used,2022,GMC,Sierra 2500 HD Denali,58678.0
Used,2022,Chevrolet,Corvette Stingray 2LT,61678.0
Used,2026,Toyota,GR Supra MkV Final Edition,73343.0
Used,2023,Dodge,Challenger SRT Hellcat Redeye Wide Jailbreak,89678.0
Used,2010,Scion,tC,6888.0
Used,2010,Audi,S5 Prestige,8289.0
Used,2016,Dodge,Charger SE,9178.0
Used,2020,Volkswagen,Tiguan 2.0T SE,12977.0
Used,2021,Chevrolet,Equinox LT w/1LT,20197.0
Used,2023,Chrysler,Pacifica Touring L,20517.0
Used,2025,Nissan,Sentra SR,20673.0
Used,2025,Kia,K4 LXS,20918.0
Used,2020,GMC,Acadia AT4,21897.0
Used,2024,Kia,Sportage EX,22257.0
Used,2025,Hyundai,Tucson SEL,22677.0
Used,2024,Volkswagen,Tiguan 2.0T SE,24297.0
Certified Pre-Owned,2024,Honda,HR-V EX-L w/BSI,24947.0
Used,2018,Chevrolet,Silverado 1500 LTZ w/1LZ,25163.0
Used,2022,Dodge,Challenger GT,25197.0
Certified Pre-Owned,2020,Honda,Odyssey Elite,26657.0
Used,2024,Honda,CR-V LX,26693.0
Certified Pre-Owned,2024,Honda,HR-V Sport w/BSI,27627.0
Certified Pre-Owned,2024,Honda,CR-V Hybrid Sport-L,28677.0
Used,2024,Jeep,Wrangler 4xe Sport,30273.0
Used,2022,Nissan,Frontier PRO-X,30597.0
Used,2024,Jeep,Wrangler 4xe Sport,30693.0
Certified Pre-Owned,2024,Honda,Ridgeline RTL,31197.0
Used,2017,Nissan,Titan XD Platinum Reserve Gas,31558.0
Certified Pre-Owned,2024,Honda,Ridgeline TrailSport,31997.0
Used,2021,Toyota,Avalon Touring,32697.0
Used,2024,Toyota,RAV4 XLE,32917.0
Used,2017,Toyota,Tundra Limited 5.7L V8 w/FFV,34347.0
Used,2023,Lincoln,Nautilus Reserve,35362.0
Used,2019,Ram,1500 Rebel,35697.0
Used,2023,Lincoln,Nautilus Reserve,36338.0
Used,2026,Chevrolet,Colorado Trail Boss,38678.0
Used,2020,Ford,F-150 Limited,39127.0
Certified Pre-Owned,2025,Honda,Pilot TrailSport,44447.0
Used,2023,Chevrolet,Suburban Premier,45593.0
Used,2026,Chevrolet,Traverse RS,50647.0
Used,2010,Ford,F-150 XL,7999.0
Used,2003,Toyota,Tacoma Base V6,14298.0
Used,2016,Toyota,Sienna XLE,17086.0
Used,2015,Ford,F-150 XLT,17178.0
Used,2025,Honda,Civic Sport,28197.0
Used,2022,GMC,Sierra 1500 AT4,44365.0
Used,2024,Jeep,Wagoneer Series II Carbide,48191.0
Used,2018,Honda,Odyssey EX-L,15497.0
