Make & Model,Price
Used 2025 Volkswagen Taos 1.5T S,$24998
Used 2025 Volkswagen Taos 1.5T SEL,$29582
Used 2026 Jeep Wrangler Sahara,$44594
Used 2021 BMW X3 xDrive30i,$31899
Used 2023 LEXUS ES 250,$36693
Used 2023 Jeep Grand Cherokee Summit,$39233
Used 2019 BMW M850i M850i xDrive,$44197
Used 2025 BMW 430i,$47335
Used 2024 LEXUS RX 350 Premium Plus,$56257
Used 2025 Volkswagen Taos 1.5T S,$25772
Used 2025 Volkswagen Taos 1.5T SE Black,$26960
Certified Pre-Owned 2025 Honda CR-V LX,$28948
Used 2026 Nissan Rogue Rock Creek,$29697
Used 2025 Volkswagen Tiguan 2.0T SE,$31802
Used 2025 Volkswagen Tiguan 2.0T SE,$31955
Certified Pre-Owned 2025 Acura ADX,$33297
Used 2026 Jeep Grand Cherokee Laredo Altitude,$40696
Used 2025 Honda CR-V Hybrid Sport Touring,$40697
Used 2026 Volkswagen Atlas Cross Sport SEL R-Line Black,$44697
Used 2025 BMW X1 M35i,$45688
Certified Pre-Owned 2026 Acura MDX w/Technology Package,$49471
Certified Pre-Owned 2026 Mercedes-Benz E 350 4MATIC®,$64133
Used 2026 Chevrolet Silverado 2500 HD ZR2,$77688
Used 2016 BMW X1 xDrive28i,$12196
Used 2020 Nissan Pathfinder Platinum,$12997
Used 2018 Volkswagen Tiguan 2.0T SE,$15446
Used 2020 BMW X1 sDrive28i,$16138
Used 2023 Nissan Leaf SV PLUS,$20695
Used 2025 Volkswagen Taos 1.5T SE,$26604
Used 2026 Volkswagen Taos 1.5T SE,$26741
Used 2021 Ford F-150,$27197
Certified Pre-Owned 2026 Volkswagen Taos 1.5T S,$27331
Used 2025 Subaru Impreza Sport,$27688
Used 2021 BMW X3 M40i,$28368
Used 2024 Chrysler Pacifica Touring L,$28678
Used 2024 Honda HR-V EX-L w/BSI,$28688
Used 2026 Ford Escape Active,$28694
Used 2020 BMW X5 xDrive40i,$29176
Used 2026 Volkswagen Taos 1.5T SE,$29240
Used 2026 Volkswagen Taos 1.5T SE,$29336
Used 2026 Volkswagen Taos 1.5T SE,$29339
Used 2026 Subaru Crosstrek Premium,$29517
Used 2026 Toyota Camry LE,$30685
Used 2026 Toyota Camry LE,$30695
Used 2022 Audi A5 45 S line Premium,$31594
Used 2024 Ford Bronco Sport Outer Banks,$31695
Used 2026 Toyota Camry SE,$32119
Used 2026 Toyota Camry SE,$32820
Used 2025 Toyota RAV4 XLE,$33385
Used 2025 Toyota RAV4 XLE,$33385
Used 2025 Toyota Camry SE,$33507
Used 2022 BMW X5 xDrive40i,$33597
Used 2025 Audi A3 2.0T Premium,$34567
Used 2026 Honda Accord Hybrid EX-L,$34897
Used 2020 BMW X4 M Competition,$34997
Certified Pre-Owned 2026 Honda CR-V EX,$36620
Certified Pre-Owned 2023 BMW X3 xDrive30i,$36694
Used 2025 Subaru Ascent Onyx Edition,$38588
Certified Pre-Owned 2025 Audi Q3 Premium Plus,$38647
Used 2023 Acura TLX w/A-Spec Package,$38697
Certified Pre-Owned 2023 Audi S3 Premium Plus,$40648
Used 2025 Kia Telluride EX X-Line,$42306
Used 2023 BMW 5 Series 540i xDrive,$43678
Used 2024 Ford Mustang,$44688
Used 2022 BMW X7 xDrive40i,$45918
Certified Pre-Owned 2025 Audi Q5 Sportback 2.0T Premium Plus,$48197
Used 2026 Toyota Crown Signia Limited,$49690
Used 2024 Audi SQ5 Sportback 3.0T Premium,$51188
Used 2026 Honda Passport TrailSport Elite Blackout,$51288
Used 2023 Maserati Grecale Trofeo,$52688
Used 2026 Volvo V60 Cross Country Ultra,$53694
Certified Pre-Owned 2026 Audi Q7 Premium Plus,$60988
Used 2026 Toyota Grand Highlander Hybrid LE,$62217
Certified Pre-Owned 2026 Mercedes-Benz E-Class 4MATIC,$68678
Used 2013 Chevrolet Corvette 427,$70678
Used 2025 Ford Bronco Raptor,$74618
Certified Pre-Owned 2026 Mercedes-Benz AMG GLC 43 4MATIC,$74678
Used 2025 LEXUS GX 550 Premium+,$83087
Used 2024 BMW M3 Competition xDrive,$84997
Certified Pre-Owned 2025 Porsche 718 Cayman S,$103394
Used 2025 Mercedes-Benz GLS Maybach GLS 600,$157555
Certified Pre-Owned 2024 Porsche 718 Cayman GT4 RS,$250696
Certified Pre-Owned 2024 Porsche 911 Turbo,$300683
Used 2016 Hyundai Accent SE,$8188
Used 2015 Nissan Rogue SV,$8493
Used 2016 Jeep Patriot High Altitude Edition,$8598
Used 2014 Ford Fusion Hybrid SE,$8678
Used 2008 Toyota Sienna,$8685
Used 2013 Subaru Outback 2.5i Premium (CVT),$8696
Used 2016 Chrysler Town & Country Touring,$8697
Used 2015 Hyundai Elantra Limited,$8999
Used 2004 BMW 323Ci,$9990
Used 2009 Toyota Corolla LE,$10038
Used 2017 Chevrolet Trax LT,$10424
Used 2014 Subaru Forester 2.5i Limited,$10763
Used 2019 Jeep Compass Upland Edition,$11396
Used 2016 Hyundai Genesis Coupe 3.8L Base,$11678
Used 2009 GMC Canyon,$11678
Used 2012 Nissan Frontier SV V6 Crew Cab,$11679
Used 2018 Audi Q3 2.0T,$12188
Used 2018 Chevrolet Equinox LT,$12306
Used 2017 Jeep Grand Cherokee Limited RWD,$12470
Used 2017 Nissan Juke SV,$12696
Used 2015 Honda Pilot EX,$13688
Used 2020 Volkswagen Passat 2.0T SE,$13696
Used 2017 Mercedes-Benz E-Class E 300,$13988
Used 2015 Toyota Camry SE,$14133
Used 2020 Kia Forte GT-Line,$14148
Used 2017 Honda Civic EX,$14188
Used 2020 Hyundai Sonata SE,$14696
Used 2020 Toyota Corolla Hybrid Hybrid LE,$14948
Used 2019 Chevrolet Equinox LT,$15249
Used 2020 Dodge Charger SXT,$15597
Used 2017 Honda Civic EX,$15618
Used 2019 Volkswagen Atlas 3.6L V6 SE,$15848
Used 2019 Subaru Ascent Premium 8-Passenger,$16111
Used 2016 Jeep Wrangler Unlimited Willys Wheeler,$16123
Used 2015 Ford F-150 XLT,$16436
Used 2017 MINI Countryman Cooper S,$16616
Used 2020 Nissan Altima 2.5 SV,$16678
Used 2017 Mercedes-Benz GLE 350,$16696
Used 2017 Hyundai Santa Fe Sport 2.0L Turbo Ultimate,$16792
Used 2018 BMW X5 xDrive35i,$17053
Used 2015 Honda Odyssey Touring,$17397
Used 2018 Chevrolet Equinox Premier,$17452
Used 2022 Hyundai Elantra SEL,$17548
Used 2019 Ford F-150 XL,$17548
Used 2015 Toyota RAV4 XLE,$17685
Used 2017 Audi A4 2.0T ultra Premium,$17723
Used 2016 Honda HR-V LX,$17848
Used 2021 Honda HR-V LX,$17988
Used 2017 Honda Civic LX,$18221
Used 2024 Nissan Sentra SV,$18263
Used 2013 Honda Ridgeline RTL,$18448
Used 2017 Jeep Wrangler JK Unlimited Sport,$18448
Used 2002 Lincoln Blackwood,$18696
Used 2019 Acura ILX with Premium Pkg,$18787
Used 2023 Volkswagen Taos 1.5T S,$19081
Used 2018 Acura RDX with Technology Pkg,$19197
Used 2016 Honda Accord EX-L,$19597
Used 2016 Honda Pilot EX-L,$19712
Used 2025 Hyundai Elantra SEL Convenience,$19745
Used 2025 Volkswagen Jetta 1.5T SE,$19886
Used 2018 BMW X5 xDrive35i,$19920
Used 2016 LEXUS IS 300 300,$19956
Used 2019 Audi e-tron Premium Plus,$19997
Used 2021 Honda Accord Sport SE 1.5T,$19998
Used 2019 Toyota Prius XLE,$19998
Used 2025 Nissan Sentra SV,$20163
Used 2016 Honda CR-V EX,$20397
Used 2019 Toyota RAV4 LE,$20547
Certified Pre-Owned 2024 Nissan Sentra SV,$20563
Certified Pre-Owned 2024 Nissan Kicks SV,$20588
Used 2013 Ford Mustang,$20635
Used 2020 Honda Civic Sedan EX-L,$20647
Used 2025 Vinfast VF 8 Eco,$20694
Used 2020 Mercedes-Benz GLC 300,$20696
Used 2025 Ford Escape ST-Line Select,$20797
Used 2025 Toyota Corolla LE,$21256
Used 2022 Honda HR-V Sport,$21423
Used 2019 Audi A4 Premium Plus,$21438
Used 2025 Chevrolet Malibu 1LT,$21591
Used 2025 Nissan Sentra SV,$21688
Used 2022 Audi A4 40 Premium,$21690
Certified Pre-Owned 2023 Volkswagen Tiguan 2.0T S,$21696
Used 2024 Kia Seltos EX,$21999
Used 2025 Hyundai Sonata SEL,$22071
Used 2024 Volkswagen Taos 1.5T S,$22196
Used 2016 Mercedes-Benz C-Class C 450 AMG,$22497
Used 2018 Honda Ridgeline RTL-E,$22497
Used 2019 BMW X2 M35i,$22648
Used 2023 Ford Mustang,$22678
Used 2025 Nissan Rogue S,$22678
Used 2018 Volkswagen Beetle 2.0T S,$22696
Used 2019 Chevrolet Suburban LT,$22997
Used 2021 Volkswagen Atlas Cross Sport 3.6L V6 SEL Premium R-Line 4MOTION,$22998
Used 2025 Nissan Sentra SR,$23055
Used 2021 Kia Telluride EX,$23350
Used 2023 Nissan Rogue SV,$23568
Used 2020 Mercedes-Benz E-Class E 350,$23598
Used 2021 Volkswagen Atlas 2.0T SE w/Technology 4MOTION,$23696
Used 2022 Chevrolet Silverado 1500 LTD Custom,$24043
Used 2025 Kia Seltos S,$24056
Certified Pre-Owned 2021 Mercedes-Benz GLB 250,$24163
Certified Pre-Owned 2025 Nissan Rogue SV,$24189
Used 2023 Toyota Corolla SE,$24197
Used 2021 Acura RDX,$24247
Used 2023 Honda HR-V LX,$24248
Used 2019 Toyota Highlander SE V6,$24267
Used 2022 Volkswagen Tiguan 2.0T SE R-Line Black,$24725
Used 2023 Volkswagen Tiguan 2.0T SE,$24810
Used 2024 Honda Accord LX,$24848
Used 2020 BMW X5 xDrive40i,$24980
Used 2021 BMW 330i,$24990
Used 2022 Jeep Compass Limited,$24998
Used 2021 Jeep Wrangler Unlimited Sahara,$24998
Used 2021 Toyota RAV4 LE,$24998
Used 2023 Volkswagen Tiguan 2.0T SE,$25376
Used 2023 Toyota Camry SE,$25616
Used 2024 Honda HR-V LX,$25626
Used 2022 Audi Q5 45 S Line Premium,$25648
Used 2024 Toyota Corolla SE,$25686
Used 2024 Honda Civic Sport,$25688
Used 2024 Honda HR-V LX,$25948
Used 2021 Kia Stinger GT,$25975
Used 2024 Kia Sportage EX,$26086
Certified Pre-Owned 2024 Honda HR-V LX,$26238
Used 2019 Ram 1500 Big Horn/Lone Star,$26438
Used 2024 Honda HR-V Sport,$26448
Used 2024 Honda Civic Sport,$26448
Used 2023 Kia K5 GT,$26494
Used 2024 Honda Civic Sport,$26548
Certified Pre-Owned 2024 Honda Civic EX,$26648
Used 2022 Nissan Murano Platinum,$26936
Used 2025 Buick Envista Sport Touring,$26983
Used 2025 Mazda CX-5 2.5 S Preferred Package,$26997
Used 2022 Hyundai Tucson Hybrid Limited,$27201
Used 2020 LEXUS NX 300 NX 300,$27369
Used 2024 Honda Accord Hybrid Sport,$27548
Used 2024 Toyota Camry SE,$27617
Used 2024 Jeep Wrangler 4xe Sport,$27678
Used 2024 Jeep Wrangler 4xe Sport,$27678
Used 2022 Acura ILX Technology & A-Spec Packages,$27678
Used 2024 Toyota Camry SE,$27685
Used 2008 Toyota FJ Cruiser Base,$27685
Certified Pre-Owned 2024 Honda HR-V Sport,$27948
Used 2023 Jeep Grand Cherokee L Limited,$28104
Used 2023 Toyota Camry Hybrid SE,$28106
Used 2025 Honda HR-V Sport,$28248
Used 2022 Toyota Camry Hybrid XSE,$28396
Used 2024 Honda Civic Sport,$28610
Certified Pre-Owned 2024 Honda Accord Hybrid EX-L,$28648
Used 2024 Toyota RAV4 XLE,$28673
Used 2024 Kia Sorento S,$28688
Used 2024 Volkswagen Atlas 2.0T SE w/Technology,$28696
Used 2024 Kia Sportage X-Line,$28696
Used 2024 Audi A3 40 Premium,$28980
Used 2024 Honda CR-V EX,$29120
Used 2020 BMW X5 sDrive40i,$29268
Used 2024 Jeep Wrangler 4xe Sport,$29678
Used 2024 Jeep Wrangler 4xe Sport,$29678
Used 2025 Honda Civic Sport,$29686
Used 2024 Chevrolet Blazer EV RWD RS,$29694
Used 2023 Audi Q4 e-tron Sportback Premium Plus,$29995
Used 2023 Hyundai Santa Fe Calligraphy,$29998
Used 2024 Jeep Wrangler 4xe Sahara,$29998
Used 2024 Toyota RAV4 XLE,$29998
Used 2023 Ford Explorer XLT,$30322
Certified Pre-Owned 2022 BMW X3 sDrive30i,$30360
Used 2025 Honda Accord SE,$30538
Used 2021 Honda Accord Touring,$30548
Used 2021 Honda Pilot Elite AWD,$30678
Used 2023 Honda CR-V Hybrid Sport,$30685
Used 2023 Hyundai Palisade SEL,$30693
Certified Pre-Owned 2019 Porsche Macan,$30696
Used 2024 Volvo S60 B5 Core Dark,$30696
Used 2022 Acura MDX FWD with Technology Package,$30697
Certified Pre-Owned 2022 Mercedes-Benz GLC 300,$30697
Used 2024 Honda HR-V EX-L w/BSI,$30963
Used 2023 Honda Ridgeline Sport,$31128
Used 2024 Toyota RAV4 XLE,$31170
Certified Pre-Owned 2024 Honda CR-V EX,$31185
Used 2023 Audi A5 S line Premium,$31408
Certified Pre-Owned 2025 Honda CR-V Hybrid Sport-L,$31683
Used 2024 Honda CR-V EX-L,$31688
Used 2020 Ford F-150 XL,$31693
Used 2025 Ford Maverick XLT,$31693
Used 2023 Jeep Grand Cherokee L Altitude,$31695
Used 2023 Honda Passport EX-L,$31696
Used 2022 Toyota RAV4 Hybrid XSE,$31798
Used 2024 Toyota Camry XSE,$31996
Certified Pre-Owned 2026 Honda HR-V EX-L,$32178
Used 2021 INFINITI QX80 PREMIUM SELECT,$32686
Used 2025 Toyota RAV4 XLE,$32695
Used 2024 Honda CR-V Hybrid Sport-L,$32948
Used 2018 Ford F-150 Raptor,$33178
Used 2023 Honda Ridgeline RTL-E,$33198
Used 2024 Kia Telluride S,$33342
Certified Pre-Owned 2023 Honda Odyssey Touring,$33397
Used 2020 BMW X7 xDrive40i,$33505
Used 2024 Volkswagen Atlas 2.0T SE w/Technology,$33564
Used 2018 Ram 2500 Big Horn,$33647
Used 2024 Honda CR-V EX-L,$33688
Used 2025 Ford Explorer Active,$33848
Used 2023 Genesis GV70 2.5T,$34008
Used 2023 Audi Q5 45 S Line Premium Plus,$34028
Used 2024 Jeep Wrangler Willys,$34246
Used 2024 Honda CR-V Hybrid Sport-L,$34398
Used 2024 Tesla Model 3 Base,$34597
Certified Pre-Owned 2023 BMW X1 xDrive28i,$34670
Used 2023 Tesla Model Y Long Range,$34690
Certified Pre-Owned 2023 BMW X3 sDrive30i,$34990
Used 2020 Ford F-150,$34997
Used 2023 Jeep Grand Cherokee 4xe Summit Reserve,$34998
Certified Pre-Owned 2023 Lincoln Corsair Reserve,$35396
Used 2024 Honda CR-V Hybrid Sport-L,$35397
Used 2025 Subaru Forester Touring,$35588
Used 2025 Jeep Grand Cherokee L Laredo,$35678
Used 2024 Toyota Tacoma SR5,$35686
Used 2026 Acura Integra A-Spec Tech Package,$35696
Used 2025 Ford Explorer Active,$36028
Used 2025 Honda Odyssey EX-L,$36464
Used 2024 Toyota RAV4 Hybrid XLE,$36615
Certified Pre-Owned 2024 Audi Q5 S line Premium Plus,$36648
Used 2025 Jeep Wrangler Rubicon,$36682
Used 2023 Tesla Model Y Long Range,$36688
Used 2019 Porsche Cayenne S,$36690
Used 2025 Honda CR-V Hybrid Sport-L,$36884
Used 2024 Mazda CX-90 3.3 Turbo S Premium,$37113
Used 2025 Subaru Outback Touring XT,$37118
Used 2024 Chrysler Pacifica Plug-In Hybrid Pinnacle,$37374
Certified Pre-Owned 2024 Honda CR-V Hybrid Sport-L,$37393
Used 2025 Kia Sorento Hybrid SX Prestige,$37397
Certified Pre-Owned 2024 Nissan Frontier PRO-4X,$37484
Used 2025 Honda Passport EX-L,$37743
Used 2024 Toyota Venza LE,$37904
Certified Pre-Owned 2024 Audi Q8 e-tron Premium Plus,$37978
Used 2025 Honda CR-V Hybrid Sport-L,$38000
Used 2024 Honda Passport TrailSport,$38048
Used 2021 Ram 1500 Rebel,$38178
Certified Pre-Owned 2025 Honda Odyssey EX-L,$38197
Certified Pre-Owned 2025 Honda Odyssey EX-L,$38338
Used 2024 Honda Odyssey EX-L,$38396
Used 2024 Audi Q8 e-tron Premium,$38647
Used 2024 Mercedes-Benz EQE 350+,$38689
Used 2020 GMC Sierra 1500 Denali,$38695
Used 2021 BMW X7 xDrive40i,$39378
Used 2023 Toyota Tacoma SR5 V6,$39432
Used 2026 Volkswagen Atlas SE w/Technology,$39772
Used 2023 Audi SQ5 Prestige,$39938
Used 2022 Ford Bronco Badlands,$39997
Certified Pre-Owned 2023 BMW X3 xDrive30i,$40339
Used 2025 Toyota RAV4 XLE Premium,$40678
Certified Pre-Owned 2020 Porsche Macan S,$40696
Used 2025 Toyota Crown Nightshade,$40997
Used 2024 Tesla Model Y Long Range,$40997
Used 2024 Ram 2500 Big Horn,$41696
Certified Pre-Owned 2025 Honda Pilot Touring,$41988
Used 2024 Kia Telluride SX Prestige X-Line,$41997
Used 2024 Honda Pilot Touring,$42148
Used 2025 Kia Telluride EX X-Line,$42678
Used 2022 LEXUS RX 350,$42977
Used 2025 Toyota Tacoma 4WD TRD Sport,$42995
Used 2024 Ford Mustang,$44089
Used 2023 Toyota 4Runner SR5 Premium,$45597
Used 2022 Toyota 4Runner TRD Off Road Premium,$45685
Used 2024 BMW i5 eDrive40,$46690
Used 2025 Audi Q7 45 Premium Plus,$47196
Certified Pre-Owned 2023 Porsche Macan T,$47297
Used 2024 Honda Pilot Elite,$47793
Certified Pre-Owned 2023 Porsche Macan T,$47968
Used 2024 Acura MDX SH-AWD Advance Package,$48378
Used 2023 Audi A8 L 55,$49238
Used 2023 Toyota 4Runner Limited,$49238
Used 2024 Toyota Tundra Limited,$49467
Used 2026 Toyota Sienna XLE,$49988
Used 2025 Audi Q7 55 Premium,$51799
Used 2024 GMC Sierra 1500 SLT,$52133
Certified Pre-Owned 2024 Lincoln Nautilus Black Label,$52690
Certified Pre-Owned 2024 BMW X3 M40i,$53140
Used 2024 BMW 4 Series M440i xDrive,$53575
Used 2024 BMW X5 PHEV xDrive50e,$53680
Certified Pre-Owned 2026 BMW X3 30 xDrive,$54359
Certified Pre-Owned 2024 Lincoln Nautilus Black Label,$57677
Used 2024 GMC Sierra 1500 AT4,$58696
Used 2024 Mercedes-Benz GLE 450 4MATIC®,$62178
Certified Pre-Owned 2025 Audi Q8 Prestige,$64697
Certified Pre-Owned 2025 BMW M2,$69980
Used 2023 Mercedes-Benz S-Class S 500 4MATIC,$71142
Used 2023 CADILLAC Escalade 4WD Sport Platinum,$79688
Used 2014 BMW X1 xDrive28i,$6458
Used 2005 Chevrolet Silverado 1500,$8993
Used 2025 Nissan Sentra S,$21241
Used 2024 Volkswagen Jetta 1.5T Sport,$21880
Used 2026 Volkswagen Jetta S,$22548
Used 2025 Jeep Compass Sport,$23591
Used 2024 Buick Encore GX Sport Touring,$23996
Used 2025 Nissan Kicks SR,$24197
Certified Pre-Owned 2023 Nissan Rogue SV,$24936
Used 2026 Honda Civic LX,$25288
Certified Pre-Owned 2025 Volkswagen Taos 1.5T SE,$25379
Certified Pre-Owned 2026 Volkswagen Jetta 1.5T SE,$25528
Used 2026 Chevrolet Trax 2RS,$25597
Used 2022 Hyundai Santa Fe XRT,$26028
Certified Pre-Owned 2025 Honda HR-V Sport,$27696
Certified Pre-Owned 2024 Honda Accord EX,$28183
Used 2025 Toyota Corolla Cross LE,$28711
Certified Pre-Owned 2025 Honda Accord SE,$29397
Certified Pre-Owned 2026 Honda Civic Sport,$29997
Certified Pre-Owned 2024 Honda CR-V EX,$31197
Used 2025 Subaru Forester Limited,$31585
Used 2026 Volkswagen Atlas SE,$31998
Certified Pre-Owned 2019 Honda Ridgeline RTL-E AWD,$32186
Used 2026 Toyota Camry SE,$32504
Certified Pre-Owned 2024 Honda CR-V EX,$32597
Used 2025 Acura Integra A-Spec Package,$32673
Used 2023 Ford Explorer XLT,$32678
Used 2025 Subaru Crosstrek Wilderness,$32862
Used 2026 Acura Integra A-Spec Package,$32997
Certified Pre-Owned 2024 Toyota Corolla Cross XLE,$33048
Used 2026 Subaru WRX Premium,$33246
Certified Pre-Owned 2025 Honda CR-V EX,$33496
Used 2026 Audi A3 40 Premium,$33688
Certified Pre-Owned 2025 Acura ADX w/A-Spec Package,$33998
Used 2026 Hyundai Elantra N Base,$34028
Used 2023 Buick Envision Avenir,$34322
Used 2026 Honda CR-V EX,$34397
Certified Pre-Owned 2026 Honda CR-V EX,$34397
Used 2025 Honda CR-V EX-L,$34448
Certified Pre-Owned 2024 Honda CR-V EX-L,$34848
Certified Pre-Owned 2025 Acura ADX w/A-Spec Package,$34972
Certified Pre-Owned 2026 Honda Accord Hybrid Sport-L,$34998
Certified Pre-Owned 2025 Acura ADX A-Spec Package,$34998
Used 2026 Toyota Tacoma SR5,$35475
Certified Pre-Owned 2025 Acura ADX w/A-Spec Package,$35509
Certified Pre-Owned 2026 Audi A3 40 Premium,$35697
Certified Pre-Owned 2026 Volkswagen Atlas SE w/Technology,$35868
Used 2026 Honda CR-V EX-L,$36018
Used 2026 Toyota C-HR XSE,$36141
Used 2026 Honda CR-V Hybrid Sport,$36197
Used 2026 Volkswagen Atlas SE w/Technology,$36397
Used 2026 MINI Countryman S,$36586
Used 2026 Honda Accord Hybrid Touring,$36848
Used 2026 Subaru Forester Wilderness,$36848
Certified Pre-Owned 2026 Volkswagen Atlas SE w/Technology,$37189
Used 2025 Audi Q3 Premium Plus,$38097
Used 2024 Dodge Charger Daytona Scat Pack,$38196
Used 2026 Jeep Cherokee Overland,$38497
Used 2024 Jeep Wrangler Sahara,$38676
Used 2025 Jeep Grand Cherokee L Altitude X,$38678
Certified Pre-Owned 2025 Mercedes-Benz GLA 250,$38688
Used 2026 Honda Accord Hybrid Touring,$39388
Used 2025 Volkswagen Atlas Cross Sport 2.0T SEL R-Line Black,$39578
Used 2026 Acura ADX with A-Spec Advance Package,$39648
Certified Pre-Owned 2025 Audi A5 2.0T Premium Plus,$39688
Used 2026 Ram 1500 Express,$39988
Certified Pre-Owned 2024 Mercedes-Benz C-Class C 300 4MATIC,$39996
Certified Pre-Owned 2026 Honda CR-V Hybrid TrailSport,$39997
Used 2025 Alfa Romeo Stelvio,$39997
Certified Pre-Owned 2025 Honda CR-V Hybrid Sport Touring,$39997
Used 2026 Jeep Grand Cherokee Limited Reserve,$40215
Used 2026 Volkswagen Atlas 2.0T Peak Edition,$40620
Certified Pre-Owned 2025 Audi A5 Premium Plus,$40678
Certified Pre-Owned 2025 Audi A5 Premium Plus,$40688
Certified Pre-Owned 2025 Audi A5 Premium Plus,$40697
Certified Pre-Owned 2025 Audi A5 Premium Plus,$40697
Certified Pre-Owned 2025 Audi Q5 Premium,$40997
Certified Pre-Owned 2025 Audi A5 Premium Plus,$41688
Certified Pre-Owned 2026 Mercedes-Benz CLA 250 4MATIC®,$42113
Used 2025 Jeep Grand Cherokee Overland,$42378
Certified Pre-Owned 2025 Audi Q5 Premium Plus,$42597
Certified Pre-Owned 2026 Mercedes-Benz GLA 250,$42697
Used 2026 Buick Enclave Sport Touring,$43138
Certified Pre-Owned 2026 Audi Q3 S line,$43197
Used 2026 Subaru Outback Touring XT,$43397
Certified Pre-Owned 2026 Mercedes-Benz CLA 250 4MATIC®,$43475
Certified Pre-Owned 2026 Audi Q3 S line,$43647
Certified Pre-Owned 2025 Acura RDX w/Technology Package,$43647
Used 2024 Jeep Grand Cherokee Summit,$44597
Used 2026 BMW 330i xDrive,$44693
Certified Pre-Owned 2024 BMW X3 xDrive30i,$45599
Used 2025 BMW X2 M35i,$45696
Certified Pre-Owned 2026 Mercedes-Benz C 300,$46133
Certified Pre-Owned 2026 Mercedes-Benz GLC 300,$46578
Used 2026 Chevrolet Colorado Trail Boss,$46648
Used 2026 Mercedes-Benz C 300,$46696
Certified Pre-Owned 2025 Audi Q5 Premium Plus,$46697
Certified Pre-Owned 2026 Mercedes-Benz C 300,$46733
Certified Pre-Owned 2025 Acura TLX A-Spec Package,$47028
Used 2025 Audi Q5 2.0T Prestige,$47138
Certified Pre-Owned 2026 Mercedes-Benz C 300,$47183
Certified Pre-Owned 2026 Volkswagen Atlas SEL Premium R-Line,$47465
Certified Pre-Owned 2026 Acura MDX FWD,$47468
Certified Pre-Owned 2025 Acura RDX A-Spec Advance Package,$48358
Used 2026 Volkswagen Golf R 2.0T,$48597
Certified Pre-Owned 2026 Mercedes-Benz GLC 300,$48978
Certified Pre-Owned 2026 Mercedes-Benz GLC 300 4MATIC®,$49078
Certified Pre-Owned 2025 Mercedes-Benz GLC 300 4MATIC®,$49468
Certified Pre-Owned 2026 Mercedes-Benz GLC 300,$49488
Certified Pre-Owned 2026 Acura MDX FWD Technology Package,$49518
Used 2026 GMC Sierra 1500 Elevation,$49678
Certified Pre-Owned 2026 Acura MDX SH-AWD,$49998
Used 2025 Honda Pilot Elite,$50087
Certified Pre-Owned 2026 Mercedes-Benz GLC 300 4MATIC®,$50368
Certified Pre-Owned 2026 Mercedes-Benz GLC 300,$50473
Certified Pre-Owned 2026 Mercedes-Benz GLC 300 4MATIC®,$50598
Certified Pre-Owned 2026 Audi S3 2.0T,$50697
Certified Pre-Owned 2025 Mercedes-Benz AMG® GLA 35 4MATIC®,$51918
Used 2026 Honda Pilot Elite,$51999
Used 2026 Acura RDX Advance Package,$52178
Certified Pre-Owned 2026 Mercedes-Benz GLC 300,$52578
Certified Pre-Owned 2026 Audi Q7 Premium Plus,$52697
Certified Pre-Owned 2026 Acura MDX SH-AWD Technology Package,$53696
Used 2025 Ford Bronco Badlands,$53698
Used 2026 Buick Enclave Avenir,$54118
Used 2026 Acura MDX SH-AWD Technology Package,$54678
Used 2026 Jeep Wrangler Rubicon X,$54678
Used 2027 Kia Telluride Hybrid X-Line SX-Prestige,$55597
Certified Pre-Owned 2026 Audi A6 Premium Plus,$55697
Used 2026 Toyota 4Runner TRD Off Road Premium,$56318
Certified Pre-Owned 2025 Audi S5 Premium Plus,$56648
Used 2026 Ford Bronco Badlands,$59648
Certified Pre-Owned 2026 Audi Q7 55 Premium Plus,$59958
Used 2026 Lincoln Nautilus Reserve,$60191
Certified Pre-Owned 2026 Mercedes-Benz GLE 350,$60553
Certified Pre-Owned 2026 Mercedes-Benz E 350,$60878
Certified Pre-Owned 2024 BMW X5 xDrive40i,$60981
Certified Pre-Owned 2026 Mercedes-Benz E 350 4MATIC®,$61173
Certified Pre-Owned 2026 Acura MDX SH-AWD Advance Package,$61538
Certified Pre-Owned 2026 Mercedes-Benz E 350,$61593
Used 2026 Acura MDX SH-AWD Advance Package,$61678
Certified Pre-Owned 2026 Mercedes-Benz GLE 350 4MATIC®,$61823
Certified Pre-Owned 2026 Mercedes-Benz E-Class,$62678
Certified Pre-Owned 2026 Mercedes-Benz GLE 350 4MATIC®,$62948
Used 2026 LEXUS TX TX 350 Premium,$63221
Certified Pre-Owned 2026 Porsche Macan T,$64997
Used 2026 Audi SQ5 Sportback Premium Plus,$65548
Used 2025 Audi Q8 55 Premium Plus,$66197
Certified Pre-Owned 2026 Acura MDX SH-AWD Type S w/Advance Package,$67197
Used 2024 Ford F-150 Raptor,$67532
Certified Pre-Owned 2026 Mercedes-Benz AMG GLC 43 4MATIC,$68678
Certified Pre-Owned 2026 Porsche Macan,$69687
Certified Pre-Owned 2026 Mercedes-Benz GLE 450 4MATIC®,$69888
Used 2025 BMW X6 xDrive40i,$69997
Used 2022 Porsche 718 Boxster T,$70688
Certified Pre-Owned 2026 Mercedes-Benz GLE 450 4MATIC®,$70838
Certified Pre-Owned 2026 Mercedes-Benz GLE 450 4MATIC®,$73178
Used 2024 Ford Bronco Raptor,$73686
Used 2023 Dodge Challenger SRT Hellcat,$76678
Certified Pre-Owned 2026 Mercedes-Benz GLE 450 4MATIC®,$77263
Used 2026 Chevrolet Suburban Premier,$77697
Certified Pre-Owned 2026 Porsche Macan S,$78688
Used 2024 LEXUS GX 550 Overtrail+,$85685
Used 2026 Rivian R1S Performance Dual Motor Large Pack,$91688
Certified Pre-Owned 2026 Porsche Cayenne,$96141
Certified Pre-Owned 2026 Porsche Cayenne Coupe,$99697
Certified Pre-Owned 2026 Porsche Cayenne Coupe,$100697
Certified Pre-Owned 2026 Porsche Cayenne E-Hybrid,$109197
Certified Pre-Owned 2026 Porsche Panamera,$111697
Used 2026 BMW XM Label,$121997
Certified Pre-Owned 2026 BMW XM Label,$124586
Certified Pre-Owned 2026 Mercedes-Benz S 580 4MATIC®,$124608
Certified Pre-Owned 2024 Mercedes-Benz Maybach GLS 600 4MATIC®,$139586
Certified Pre-Owned 2019 Porsche 911 Carrera 4 GTS,$150688
Used 2023 McLaren Artura,$169395
Certified Pre-Owned 2026 Mercedes-Benz AMG® S 63 E 4MATIC®,$184997
Certified Pre-Owned 2026 Mercedes-Benz AMG® G 63 4MATIC®,$229997
Used 2011 Hyundai Sonata SE,$5795
Used 2012 Nissan Altima 2.5 SL,$6378
Used 2013 Volkswagen Jetta 2.5L SE w/PZEV,$6986
Used 2017 Volkswagen Passat 1.8T S,$7620
Used 2018 Dodge Journey SXT,$7898
Used 2012 Chevrolet Equinox LT with 1LT,$7988
Used 2020 Nissan Kicks SV,$7999
Used 2013 Ford Edge SEL,$8000
Used 2011 Ford Explorer XLT,$8139
Used 2014 Nissan Juke S,$8467
Used 2012 Honda CR-V LX,$8592
Used 2014 Lincoln MKZ,$8648
Used 2015 Chevrolet Equinox LT w/1LT,$8678
Used 2015 FIAT 500 Sport,$8697
Used 2015 Toyota Prius c One,$8698
Used 2017 Hyundai Santa Fe SE,$8870
Used 2015 BMW 328i 328i xDrive,$8988
Used 2017 Jeep Compass Sport FWD,$9178
Used 2013 Toyota Sienna XLE V6 8 Passenger,$9236
Used 2013 Scion tC Release Series 8.0,$9448
Used 2015 Subaru Impreza 2.0i Sport Premium,$9496
Used 2015 Ram ProMaster City SLT,$9678
Used 2014 Ford Explorer Sport,$9692
Used 2012 Honda Civic LX,$9697
Used 2010 Honda CR-V EX-L,$9697
Used 2014 Honda Accord LX,$9792
Used 2018 Jeep Compass Latitude FWD,$9798
Used 2012 Toyota RAV4,$9988
Used 2016 Volkswagen Passat SEL Premium,$9997
Used 2019 Ford EcoSport SE,$9999
Used 2015 Jeep Cherokee Sport 4x4,$10383
Used 2016 Ford Mustang EcoBoost,$10678
Used 2016 Ford Edge SE,$10678
Used 2019 Kia Sportage EX,$10678
Used 2018 Chrysler Pacifica Touring Plus,$10678
Used 2018 Hyundai Tucson Sport,$10890
Used 2016 BMW 328i w/SULEV,$11138
Used 2016 Nissan Rogue SV,$11171
Used 2009 CADILLAC CTS Base w/1SA,$11178
Used 2020 Jeep Renegade Latitude,$11191
Used 2020 Dodge Journey SE Value,$11278
Used 2014 Maserati Ghibli Base,$11298
Used 2017 Ford Edge SEL,$11368
Used 2018 Volkswagen Passat 2.0T SE,$11441
Used 2016 Mazda Mazda CX-5 Touring (2016.5),$11451
Used 2019 Ford Edge Titanium,$11607
Used 2019 Nissan Rogue Sport S,$11625
Used 2014 Audi allroad Premium Plus,$11648
Used 2017 INFINITI QX60,$11672
Used 2017 Jeep Renegade Limited 4x4,$11678
Used 2018 Hyundai Elantra SEL,$11848
Used 2017 Honda Odyssey SE,$11948
Used 2012 Volkswagen Beetle 2.0T Turbo,$11998
Used 2020 Jeep Compass North Edition,$12138
Used 2014 Mazda Mazda3 s Touring,$12397
Used 2020 Jeep Compass Latitude,$12678
Used 2013 Honda Accord EX-L,$12686
Used 2018 Nissan Rogue SL,$12697
Used 2014 Honda CR-V EX-L,$12848
Used 2013 Jeep Wrangler Sport,$12975
Used 2018 GMC Acadia SLT-1,$12978
Used 2017 Subaru WRX,$13078
Used 2013 Toyota RAV4 LE,$13279
Used 2018 Jeep Grand Cherokee Laredo 4x4,$13376
Used 2015 Lincoln MKC,$13391
Used 2022 Kia Soul LX,$13425
Used 2015 Audi A7 3.0T,$13497
Used 2024 Mitsubishi Mirage ES,$13528
Used 2021 Ford Edge Titanium,$13538
Used 2018 Ford EcoSport SE,$13678
Used 2019 Jeep Grand Cherokee Limited,$13678
Used 2020 Nissan Rogue Sport S,$13678
Used 2016 Honda HR-V EX,$13678
Used 2016 Subaru Crosstrek 2.0i Limited,$13688
Used 2015 Acura MDX Tech Pkg,$13688
Used 2016 BMW X3 sDrive28i,$13698
Used 2018 Volkswagen Passat 2.0T SE,$13866
Used 2013 Jeep Wrangler Unlimited Sahara,$13897
Used 2017 Buick Envision Premium II,$13998
Used 2017 Toyota Camry XSE V6,$13999
Used 2021 Chrysler Pacifica Touring L,$14118
Used 2015 Toyota Highlander LE,$14197
Used 2019 Hyundai Sonata SE,$14197
Used 2018 Volvo S60 T5 FWD Dynamic,$14382
Used 2018 Toyota Camry SE,$14397
Used 2019 Mercedes-Benz GLS 450 4MATIC,$14497
Used 2020 Ford Edge SEL,$14678
Used 2017 Chevrolet Impala LT,$14688
Used 2016 Volkswagen Jetta 1.4T SE Automatic,$14696
Used 2019 Honda Insight Touring,$14848
Used 2015 Toyota Highlander LE,$14848
Used 2020 Chevrolet Equinox LT w/1LT,$14997
Used 2021 Nissan Kicks SV,$14997
Used 2019 Volkswagen Atlas 3.6L V6 SE w/Technology R-Line,$14998
Used 2017 Nissan Pathfinder SL,$14998
Used 2020 Ford Edge,$14998
Used 2019 Jeep Compass Latitude FWD,$15198
Used 2019 Ford Escape SE,$15359
Used 2021 Nissan Sentra SV,$15397
Used 2020 Toyota Corolla SE,$15528
Used 2017 Honda Civic EX,$15548
Used 2014 Honda CR-V EX-L,$15597
Used 2020 Jeep Compass Limited,$15666
Used 2020 Buick Envision Essence,$15678
Used 2018 Honda CR-V EX AWD,$15685
Used 2022 Nissan Rogue SV,$15696
Used 2019 Audi A4 2.0T Premium,$15697
Used 2020 Chrysler Pacifica Touring L,$15848
Used 2018 Acura RDX w/Technology Pkg,$15984
Used 2021 Kia Sorento Hybrid S,$16000
Certified Pre-Owned 2020 Nissan Rogue Sport SV,$16178
Used 2021 Chevrolet Trax LT,$16197
Used 2020 Dodge Challenger SXT,$16208
Used 2022 Volkswagen Tiguan 2.0T S,$16209
Used 2022 Volkswagen ID.4 Pro S,$16237
Used 2014 Nissan 370Z Base,$16249
Used 2019 Ford Edge Titanium,$16261
Used 2022 Hyundai Santa Cruz 2.5L SEL,$16270
Used 2021 Volkswagen ID.4 Pro,$16312
Used 2016 Jeep Wrangler JK Unlimited Sport,$16340
Used 2021 Hyundai Tucson SE,$16493
Used 2017 Honda Pilot EX-L AWD,$16597
Used 2019 Ford Explorer XLT,$16678
Used 2015 GMC Canyon SLE,$16678
Used 2017 Buick Encore Premium,$16678
Used 2022 Hyundai Elantra SEL,$16678
Used 2018 Honda Pilot Touring FWD,$16678
Used 2018 Honda CR-V EX-L,$16988
Used 2017 Audi A6 2.0T Premium Plus,$16997
Used 2017 Mercedes-Benz GLS GLS 450,$16997
Used 2017 Toyota Camry SE,$16998
Used 2019 CADILLAC XT5 Base,$16998
Used 2019 Toyota Camry LE,$17126
Used 2022 Nissan Sentra SV,$17165
Used 2018 Honda Civic EX-L,$17185
Used 2021 Volkswagen Tiguan 2.0T SE,$17395
Used 2023 Volkswagen Tiguan 2.0T SE,$17398
Used 2024 Nissan Sentra SV,$17648
Used 2022 Nissan Sentra SV,$17648
Used 2023 Chevrolet Equinox LS,$17678
Used 2019 Subaru Crosstrek Limited,$17688
Used 2019 Audi A3 2.0T Premium,$17696
Used 2024 Ford Escape Active,$17698
Used 2020 Ford Escape SE Sport Hybrid,$17754
Used 2018 Honda CR-V EX 2WD,$17798
Used 2024 Chevrolet Malibu 1LT,$17815
Used 2022 Nissan Rogue SV,$17875
Used 2024 Nissan Sentra SV,$17897
Used 2015 Honda Civic EX-L,$17948
Used 2021 Nissan Rogue SV,$17988
Used 2020 Volvo XC60 Inscription,$17997
Used 2024 Volkswagen Jetta 1.5T SE,$18061
Used 2019 Chevrolet Traverse 3LT,$18068
Used 2019 Honda Civic Sport,$18078
Used 2018 Mazda Mazda CX-5 Touring,$18148
Used 2025 Nissan Versa 1.6 SV,$18197
Used 2018 Hyundai Tucson Limited,$18217
Used 2017 GMC Terrain Denali,$18248
Used 2024 Nissan Versa SR,$18277
Used 2016 Dodge Charger R/T,$18288
Used 2021 Volkswagen Atlas 3.6L V6 SE w/Technology R-Line,$18297
Used 2024 Nissan Sentra SV,$18297
Used 2023 Volkswagen Tiguan 2.0T S,$18298
Used 2012 Ford F-150 Lariat,$18448
Used 2018 Honda Accord Sedan EX-L 2.0T,$18448
Used 2019 CADILLAC XTS Luxury,$18468
Used 2023 Volkswagen Taos S,$18478
Used 2024 Chevrolet Trailblazer LT,$18678
Used 2020 Hyundai Santa Fe Limited 2.0T,$18678
Used 2019 Toyota Camry LE,$18688
Used 2023 Dodge Hornet GT,$18688
Used 2021 CADILLAC XT5 Premium Luxury,$18697
Used 2020 Subaru Crosstrek Premium,$18698
Used 2023 Hyundai Santa Fe SEL,$18828
Used 2024 Nissan Rogue S,$18864
Used 2024 Nissan Rogue S,$18878
Used 2021 Kia Telluride SX,$18898
Used 2025 Hyundai Elantra SEL Convenience,$18909
Used 2025 Nissan Sentra SV,$18916
Used 2019 Jeep Grand Cherokee Limited,$18945
Used 2023 Hyundai Kona SEL,$18998
Used 2024 Nissan Altima 2.5 SV,$19048
Certified Pre-Owned 2022 Honda Insight EX,$19138
Used 2025 Chevrolet Malibu LT,$19141
Used 2021 Jeep Renegade Latitude,$19195
Used 2025 Hyundai Kona SEL,$19196
Used 2023 Chevrolet Traverse LT Cloth w/1LT,$19197
Used 2013 Jeep Wrangler Unlimited Sahara,$19197
Used 2025 Nissan Rogue SV,$19197
Used 2025 Chevrolet Malibu 1LT,$19219
Used 2020 Ford F-150 XL,$19297
Used 2024 Volkswagen Tiguan Wolfsburg Edition,$19323
Used 2023 Volkswagen Tiguan SE,$19397
Used 2021 Honda Pilot Special Edition,$19397
Used 2020 Jeep Wrangler Unlimited Sahara,$19438
Used 2019 Ram 1500 Classic Big Horn,$19445
Used 2025 Nissan Rogue SV,$19488
Used 2023 Jeep Compass Sport,$19536
Used 2020 Toyota C-HR LE,$19538
Used 2023 Volkswagen Taos 1.5T S,$19549
Used 2019 Audi A4 Premium Plus,$19578
Used 2022 Kia Sorento S,$19588
Used 2025 Nissan Kicks Play S,$19597
Used 2023 Volkswagen Taos SE,$19632
Used 2025 Nissan Altima SV,$19673
Used 2019 Honda Ridgeline RT FWD,$19678
Used 2021 Jeep Grand Cherokee Limited,$19678
Used 2025 Nissan Altima SV,$19678
Certified Pre-Owned 2019 Honda Civic EX,$19686
Used 2021 Hyundai Palisade Calligraphy,$19696
Used 2024 Volkswagen Taos 1.5T S,$19697
Used 2022 Audi Q3 S line Premium,$19697
Used 2021 Honda CR-V Special Edition,$19697
Used 2022 Volkswagen Taos 1.5T SE,$19706
Used 2025 Toyota Corolla LE,$19782
Used 2023 Volkswagen ID.4 Pro,$19808
Used 2025 Volkswagen Jetta SE,$19848
Certified Pre-Owned 2022 Nissan Altima 2.5 SR,$19872
Used 2024 Toyota Corolla LE,$19893
Used 2024 Toyota Corolla LE,$19952
Used 2020 Chevrolet Blazer Premier,$19972
Used 2024 Toyota Corolla LE,$19986
Used 2024 Kia Forte GT-Line,$19988
Used 2024 Chevrolet Malibu LT,$19988
Used 2024 Volkswagen Taos SE,$19997
Certified Pre-Owned 2020 Honda Accord Hybrid EX,$19997
Used 2024 Volkswagen Tiguan 2.0T SE,$19998
Certified Pre-Owned 2022 Volkswagen ID.4 Pro,$19998
Used 2024 Toyota Corolla LE,$19998
Used 2019 Toyota RAV4 LE,$19998
Used 2025 Nissan Altima SV,$19998
Used 2024 Toyota Corolla LE,$19998
Used 2025 Mitsubishi Outlander Sport 2.0 LE,$19998
Used 2016 Audi S4 Premium Plus,$19998
Used 2018 Chevrolet Tahoe LT,$20021
Certified Pre-Owned 2024 Nissan Sentra SV,$20053
Used 2018 Jeep Wrangler JK Unlimited Sahara 4x4,$20126
Used 2024 Hyundai Tucson SEL,$20159
Used 2022 Hyundai Santa Fe XRT,$20186
Used 2024 Hyundai Tucson SEL,$20197
Used 2025 Nissan Altima SV,$20197
Used 2025 Nissan Altima SV,$20218
Used 2023 Jeep Compass Latitude Lux,$20228
Used 2025 Hyundai Elantra Limited,$20244
Used 2021 Jeep Wrangler Unlimited Sport,$20278
Used 2022 Kia K5 GT-Line,$20285
Used 2025 Nissan Altima SV,$20389
Used 2025 Nissan Altima SV,$20421
Used 2024 Hyundai Tucson SEL,$20448
Used 2024 Volkswagen Taos 1.5T SE,$20450
Used 2022 Toyota Camry LE,$20508
Used 2024 Hyundai Sonata SEL,$20588
Used 2021 Jeep Wrangler Unlimited Sport S,$20591
Used 2023 Subaru Forester Touring,$20597
Used 2024 Nissan Rogue S,$20597
Used 2023 Volkswagen Tiguan 2.0T SE,$20598
Used 2023 Volkswagen Tiguan 2.0T SE R-Line Black,$20605
Used 2024 Ford Escape Active,$20678
Used 2024 Mazda CX-30 2.5 S Select Sport,$20678
Certified Pre-Owned 2020 Mercedes-Benz GLE GLE 350,$20678
Used 2018 Chevrolet Tahoe LT,$20678
Used 2018 Ram 3500 Tradesman,$20678
Used 2020 Honda CR-V EX-L,$20688
Used 2025 Chevrolet Malibu LT,$20688
Used 2020 Volvo XC90 T6 Inscription 7 Passenger,$20694
Used 2025 Nissan Altima SV,$20696
Used 2024 Toyota Corolla LE,$20696
Certified Pre-Owned 2023 Volkswagen Tiguan 2.0T S,$20696
Used 2018 Mercedes-Benz GLC 300 4MATIC®,$20696
Used 2025 Nissan Rogue SV,$20697
Used 2025 Nissan Rogue SV,$20697
Used 2025 Hyundai Tucson SEL,$20826
Used 2025 Hyundai Elantra SEL Convenience,$20848
Used 2025 Nissan Rogue S,$20897
Used 2024 Toyota RAV4 Hybrid LE,$20919
Used 2021 Subaru Outback Limited,$20928
Used 2024 Mazda CX-30 2.5 S Select Sport,$20953
Used 2024 Nissan Rogue SV,$20978
Used 2024 Chrysler Pacifica Plug-In Hybrid Select,$20995
Used 2018 Chevrolet Tahoe LS,$20997
Used 2021 Hyundai Palisade Calligraphy,$20998
Used 2016 LEXUS RX 350,$20998
Used 2023 Hyundai IONIQ 5 SE,$21149
Used 2022 Kia Niro EV EX Premium,$21156
Used 2019 Nissan Frontier SL,$21178
Used 2024 Chevrolet Equinox LT,$21178
Used 2024 Nissan Altima 2.5 SR,$21197
Used 2025 Mazda Mazda3 Sedan 2.5 S Select Sport,$21197
Used 2019 Mercedes-Benz GLS 450 4MATIC®,$21197
Used 2019 Toyota RAV4 LE,$21197
Used 2019 Honda CR-V EX-L,$21248
Used 2022 Volkswagen Atlas 2.0T SE w/Technology,$21249
Used 2025 Volkswagen Jetta 1.5T SE,$21272
Used 2024 Toyota Corolla LE,$21281
Used 2025 Toyota Corolla SE,$21282
Used 2025 Hyundai Elantra Limited,$21297
Used 2019 Acura RDX w/Advance Pkg,$21305
Used 2025 Toyota Corolla LE,$21314
Used 2020 INFINITI QX80 LUXE,$21397
Used 2025 Nissan Sentra SR,$21497
Used 2024 Volkswagen Tiguan 2.0T SE,$21518
Used 2021 Volkswagen Atlas 3.6L V6 SE w/Technology 4MOTION,$21523
Used 2023 Volkswagen ID.4 Pro,$21540
Used 2024 Nissan Rogue SV,$21548
Certified Pre-Owned 2023 Nissan Rogue SV,$21577
Used 2024 Toyota Corolla LE,$21597
Used 2024 Hyundai Sonata SEL,$21638
Used 2019 Volkswagen Atlas 3.6L V6 SEL Premium 4MOTION,$21641
Used 2023 Hyundai Sonata SEL,$21648
Used 2023 Toyota RAV4 Hybrid LE,$21666
Used 2020 Toyota RAV4 Hybrid Hybrid XLE,$21678
Used 2026 Volkswagen Jetta S,$21678
Certified Pre-Owned 2024 Nissan Rogue SV,$21678
Used 2025 Hyundai Sonata SEL,$21678
Used 2024 Jeep Compass Trailhawk,$21678
Used 2022 Hyundai Santa Cruz SEL,$21678
Used 2019 Cadillac XT5 Luxury AWD,$21678
Used 2025 Nissan Altima SV,$21688
Used 2024 Hyundai Sonata SEL,$21696
Used 2022 Audi Q5 45 S line Premium,$21697
Used 2024 Ford Edge Titanium,$21723
Certified Pre-Owned 2025 Volkswagen Jetta 1.5T Sport,$21727
Used 2023 Volkswagen Jetta 1.5T SE,$21749
Used 2019 Ram 1500 Big Horn/Lone Star,$21798
Used 2019 Honda Odyssey EX-L,$21808
Used 2023 Hyundai IONIQ 6 SEL,$21832
Used 2020 Honda CR-V EX-L,$21848
Used 2021 Dodge Durango GT,$21878
Used 2021 Honda CR-V EX,$21908
Used 2023 Kia Stinger GT-Line,$21948
Used 2023 Honda HR-V EX-L,$21948
Used 2025 Nissan Altima SR,$22097
Used 2023 Toyota Corolla LE,$22097
Used 2024 Chrysler Pacifica Touring L,$22197
Used 2024 Toyota Corolla LE,$22198
Used 2023 Volkswagen Tiguan 2.0T SE,$22282
Used 2020 Volvo S60 T5 Momentum,$22297
Used 2021 Volkswagen Atlas Cross Sport 3.6L V6 SEL Premium R-Line,$22328
Used 2023 Jeep Compass Trailhawk,$22366
Used 2023 Buick Encore GX Select,$22378
Used 2025 Hyundai Elantra Limited,$22397
Certified Pre-Owned 2023 Volkswagen ID.4 S,$22437
Used 2022 Volkswagen Atlas 3.6L V6 SE w/Technology,$22449
Used 2020 Volkswagen Atlas Cross Sport 3.6L V6 SEL Premium 4MOTION,$22549
Used 2024 Chrysler Pacifica Plug-In Hybrid Select,$22578
Used 2025 Hyundai Tucson SEL,$22597
Used 2018 LEXUS NX 300,$22597
Used 2015 Ford F-150 XLT,$22621
Used 2025 Hyundai Tucson SEL,$22638
Used 2023 Honda CR-V Hybrid Sport,$22645
Used 2025 Chevrolet Trax ACTIV,$22678
Used 2024 GMC Terrain SLE,$22678
Used 2024 GMC Terrain SLE,$22678
Used 2019 Honda CR-V EX-L AWD,$22686
Used 2024 Volkswagen Tiguan 2.0T SE,$22696
Used 2023 Kia Sportage EX,$22798
Used 2021 Volkswagen Atlas 3.6L V6 SE w/Technology 4MOTION,$22898
Certified Pre-Owned 2023 Volkswagen Tiguan 2.0T SE,$22946
Used 2024 Kia Sportage SX,$22948
Used 2021 Volkswagen Atlas 3.6L V6 SEL 4MOTION,$22967
Used 2025 Mazda CX-30 2.5 S Preferred Package,$22988
Certified Pre-Owned 2022 Honda Civic Sport,$22988
Used 2019 Toyota 4Runner Limited,$22988
Used 2025 Kia Seltos EX,$22997
Used 2019 Jeep Grand Cherokee Overland,$22997
Used 2022 Jeep Grand Cherokee Limited,$22998
Used 2021 Subaru Outback Touring XT,$23138
Used 2020 Toyota Camry XSE,$23148
Certified Pre-Owned 2023 Nissan Rogue SV,$23169
Used 2019 Toyota Highlander XLE V6,$23186
Used 2023 Jeep Compass Latitude,$23192
Used 2020 Jeep Grand Cherokee Overland,$23197
Used 2025 Mazda CX-30 2.5 S Carbon Edition,$23197
Used 2019 Toyota RAV4 Limited,$23197
Certified Pre-Owned 2024 Volkswagen Taos 1.5T SE Black,$23210
Used 2026 Volkswagen Jetta SE,$23274
Used 2024 Chrysler Pacifica Hybrid Select,$23275
Certified Pre-Owned 2022 Volkswagen Tiguan 2.0T SE R-Line Black,$23296
Used 2025 Nissan Kicks SR,$23303
Used 2021 Jeep Wrangler Unlimited Sahara,$23325
Used 2022 Kia Sportage SX Turbo,$23329
Used 2026 Hyundai Kona SEL Sport,$23348
Used 2022 Toyota Avalon XLE,$23373
Used 2021 Jeep Grand Cherokee 80th Anniversary,$23458
Used 2022 Subaru Forester Sport,$23483
Used 2024 Buick Envision Preferred,$23497
Used 2023 CADILLAC XT5 Premium Luxury,$23597
Used 2024 Chrysler Pacifica Touring L,$23606
Certified Pre-Owned 2021 Lincoln Nautilus Reserve,$23678
Used 2024 Kia Sportage EX,$23678
Used 2013 Toyota Tacoma 4x4 V6 Automatic,$23686
Used 2020 Jeep Gladiator Sport S,$23688
Used 2025 Buick Envista Preferred,$23688
Used 2021 Nissan Rogue Platinum,$23688
Used 2020 Dodge Durango GT Plus,$23695
Certified Pre-Owned 2024 Honda HR-V Sport w/BSI,$23696
Used 2021 Audi e-tron Premium,$23697
Used 2026 Toyota Corolla LE,$23698
Certified Pre-Owned 2024 Honda HR-V LX,$23848
Used 2019 Ford Ranger XLT,$23848
Used 2025 Ford Escape ST-Line,$23924
Used 2025 Chevrolet Equinox LT,$23946
Certified Pre-Owned 2025 Honda Civic Sport,$23948
Used 2025 Honda Civic Sport,$23988
Certified Pre-Owned 2023 Volkswagen Tiguan 2.0T SEL R-Line,$23992
Used 2023 Ford Bronco Sport Badlands,$23995
Used 2024 Volkswagen Taos 1.5T SE,$24014
Certified Pre-Owned 2024 Volkswagen Tiguan 2.0T SE,$24079
Used 2022 Ford Bronco Sport Badlands,$24097
Certified Pre-Owned 2025 Honda HR-V Sport,$24197
Used 2023 Toyota RAV4 XLE,$24212
Used 2026 Volkswagen Jetta SE,$24248
Used 2020 Subaru Ascent Limited 7-Passenger,$24290
Used 2026 Chevrolet Trax 2RS,$24329
Used 2020 Chevrolet Traverse Premier,$24378
Used 2024 Hyundai Tucson Limited,$24378
Used 2021 Chevrolet Blazer RS,$24397
Used 2022 Jeep Wrangler Unlimited Sport S,$24426
Used 2023 Volkswagen Tiguan 2.0T SE R-Line Black,$24542
Used 2020 Honda CR-V EX-L,$24548
Used 2024 Volkswagen Tiguan 2.0T SE R-Line Black,$24562
Used 2022 Toyota Prius Nightshade,$24588
Used 2021 Toyota Camry XSE,$24592
Used 2023 Subaru Crosstrek Sport,$24597
Used 2022 Chrysler Pacifica Touring L,$24597
Used 2020 Acura RDX w/Technology Pkg,$24597
Used 2021 Jeep Wrangler Unlimited Sport,$24597
Used 2009 Dodge Challenger SRT8,$24606
Used 2025 Subaru Crosstrek,$24678
Used 2021 Jeep Wrangler Unlimited Rubicon,$24678
Used 2022 Subaru Ascent Touring,$24678
Used 2018 Ford F-150,$24679
Used 2019 Toyota RAV4 Hybrid XLE,$24681
Certified Pre-Owned 2025 Honda HR-V LX,$24685
Used 2023 Honda HR-V Sport,$24688
Used 2019 Volkswagen Golf R DCC & Navigation 4Motion,$24688
Used 2018 Toyota RAV4 XLE,$24696
Used 2023 Audi Q5 Premium,$24697
Used 2025 Subaru Crosstrek,$24697
Certified Pre-Owned 2024 Honda HR-V LX,$24697
Used 2025 Nissan Altima SR,$24697
Used 2022 Jeep Compass Limited,$24746
Used 2026 Honda Civic LX,$24848
Certified Pre-Owned 2026 Volkswagen Jetta 1.5T SE,$24899
Used 2024 Kia Sportage EX,$24907
Used 2021 Jeep Grand Cherokee L Limited,$24918
Used 2022 Audi Q5 S line Premium Plus,$24947
Used 2024 Chrysler Pacifica Hybrid S Appearance Pkg,$24976
Certified Pre-Owned 2024 Honda HR-V LX,$24988
Used 2020 Honda Odyssey EX,$24988
Used 2022 Subaru Ascent Premium,$24997
Used 2023 INFINITI QX50 LUXE,$24997
Used 2024 Hyundai Santa Fe SE,$24997
Used 2020 BMW X7 xDrive40i,$24997
Used 2024 Honda Civic Sport,$24997
Used 2024 Mazda CX-30 2.5 S Preferred Package,$24997
Used 2022 Honda CR-V EX-L,$24997
Used 2022 Toyota RAV4 XLE,$24998
Certified Pre-Owned 2024 Toyota Camry LE,$24998
Used 2021 Mazda CX-5 Grand Touring,$24998
Used 2017 Toyota 4Runner SR5,$24998
Used 2023 Nissan Altima 2.5 SL,$24999
Used 2021 Jeep Wrangler Unlimited Sahara,$25063
Used 2020 Tesla Model 3 Long Range,$25097
Used 2017 LEXUS RX 350,$25141
Used 2020 Acura TLX 3.5L V6,$25147
Certified Pre-Owned 2022 Lincoln Corsair Standard,$25172
Certified Pre-Owned 2023 Honda Civic Sport,$25197
Used 2023 Kia Telluride EX,$25197
Used 2023 Nissan Rogue SL,$25246
Used 2024 Honda HR-V Sport,$25248
Used 2024 Honda Civic Hatchback Sport,$25347
Used 2024 Honda Accord EX,$25383
Used 2021 BMW X5 sDrive40i,$25388
Used 2025 Mazda CX-5 2.5 S Select Package,$25397
Used 2023 Mazda CX-30 2.5 S Preferred Package,$25397
Used 2021 Chrysler Pacifica Hybrid Hybrid Pinnacle,$25420
Certified Pre-Owned 2025 Honda HR-V Sport,$25448
Used 2020 Ram 1500 Classic SLT,$25483
Used 2024 Volkswagen Atlas Cross Sport 2.0T SE,$25498
Used 2021 Toyota Highlander XLE,$25517
Used 2024 Subaru Crosstrek Limited,$25548
Used 2025 Honda Civic Sport,$25548
Used 2024 Jeep Grand Cherokee Laredo X,$25548
Used 2021 Subaru Outback Touring XT,$25548
Used 2024 Honda Civic Sport,$25548
Used 2020 Toyota Tacoma TRD Off Road V6,$25596
Used 2021 Acura RDX Base,$25597
Used 2024 Toyota RAV4 XLE,$25646
Used 2021 Honda CR-V Hybrid Touring,$25678
Used 2025 Mazda CX-50 2.5 S Preferred Package,$25678
Used 2023 Jeep Grand Cherokee Laredo,$25678
Used 2025 Honda CR-V LX,$25686
Used 2024 Honda Accord Hybrid Sport,$25688
Used 2022 Honda CR-V EX-L,$25692
Used 2023 Jeep Wrangler Sport S,$25694
Used 2023 Volkswagen Atlas Cross Sport 2.0T SE w/Technology,$25697
Used 2024 Honda Accord Hybrid Sport-L,$25697
Used 2021 Acura RDX Base,$25697
Certified Pre-Owned 2024 Honda Civic Sport,$25848
Used 2022 Honda Ridgeline RTL-E,$25848
Certified Pre-Owned 2024 Volkswagen ID.4 S,$25863
Used 2020 Jeep Grand Cherokee Overland,$25878
Used 2022 INFINITI QX50 SENSORY,$25918
Used 2020 Toyota 86 GT,$25925
Used 2020 Jeep Grand Cherokee Overland,$25962
Used 2021 Acura RDX Advance Package,$25978
Used 2025 Kia Sportage EX,$25996
Used 2024 Hyundai Santa Fe SE,$25997
Used 2023 Hyundai Santa Fe Plug-In Hybrid Limited,$25997
Used 2020 Honda Passport EX-L FWD,$25997
Certified Pre-Owned 2024 Honda Accord EX,$25997
Used 2024 Nissan Pathfinder SV,$25997
Used 2021 Honda CR-V EX AWD,$26088
Certified Pre-Owned 2023 Volkswagen Atlas Cross Sport 2.0T SE w/Technology,$26133
Certified Pre-Owned 2024 Honda Civic Sport,$26148
Used 2021 Volkswagen Atlas 3.6L V6 SE w/Technology R-Line,$26171
Certified Pre-Owned 2024 Honda Accord EX,$26185
Used 2022 Honda Pilot EX-L,$26188
Used 2020 CADILLAC CT5 Premium Luxury,$26197
Used 2023 Kia Sportage SX,$26197
Certified Pre-Owned 2024 Honda Accord EX,$26197
Used 2024 Dodge Durango GT Plus,$26197
Used 2023 Ford Escape ST-Line Select,$26219
Used 2021 Mercedes-Benz GLB GLB 250,$26238
Used 2022 Toyota Corolla Cross XLE,$26245
Used 2022 Toyota RAV4 XLE,$26248
Used 2025 Volkswagen Tiguan 2.0T S,$26260
Used 2025 Kia Sportage EX,$26274
Used 2019 Ford F-150 XLT,$26278
Used 2025 Toyota Corolla Cross L,$26406
Used 2023 Buick Envision Preferred,$26410
Used 2025 Volkswagen Atlas 2.0T SE w/Technology,$26438
Used 2025 Volkswagen Atlas 2.0T SE w/Technology,$26459
Used 2023 Nissan Rogue Platinum,$26478
Used 2023 Audi Q4 e-tron Premium,$26497
Used 2026 Hyundai Tucson SEL,$26522
Used 2026 Toyota Corolla Cross L,$26528
Used 2023 Subaru Forester Sport,$26548
Certified Pre-Owned 2026 Honda Civic Sport,$26548
Used 2023 Jeep Wrangler Sport,$26552
Used 2024 Honda Civic EX-L,$26597
Certified Pre-Owned 2024 Honda Civic Sport,$26597
Used 2022 Ford Explorer Limited,$26597
Used 2025 Honda Civic Sport,$26658
Used 2024 Ford Bronco Sport Big Bend,$26670
Used 2022 Jeep Gladiator Willys,$26678
Used 2024 Audi Q5 S line Premium Plus,$26678
Used 2025 Honda Civic Sport,$26686
Certified Pre-Owned 2024 Honda Accord LX,$26688
Certified Pre-Owned 2025 Honda Civic Sport,$26688
Used 2016 Toyota 4Runner Limited,$26688
Certified Pre-Owned 2025 Honda HR-V LX,$26688
Used 2024 Subaru Outback Onyx Edition,$26688
Used 2018 LEXUS ES 350,$26691
Certified Pre-Owned 2024 Honda HR-V EX-L w/BSI,$26697
Used 2025 Nissan Pathfinder SV,$26697
Used 2022 Jeep Gladiator Sport,$26697
Used 2025 Honda Accord LX,$26697
Used 2023 Nissan Murano Midnight Edition,$26724
Certified Pre-Owned 2025 Honda Civic Sport,$26747
Used 2019 Chevrolet Tahoe LT,$26909
Used 2024 Subaru Crosstrek Limited,$26918
Used 2024 Volkswagen Atlas Cross Sport 2.0T SE w/Technology,$26918
Used 2024 Chevrolet Blazer LT,$26966
Used 2022 Subaru Outback Touring XT,$26978
Used 2026 Volkswagen Taos 1.5T SE,$26978
Used 2025 Mazda CX-50 2.5 S Premium Package,$26993
Used 2022 Dodge Durango GT Plus,$26997
Used 2024 Ford Maverick XLT,$26999
Used 2022 Alfa Romeo Giulia Ti,$27028
Used 2020 Honda Odyssey EX-L,$27048
Certified Pre-Owned 2024 Honda Civic Sport,$27088
Used 2023 Kia EV6 GT-Line,$27093
Certified Pre-Owned 2024 Honda HR-V Sport w/BSI,$27097
Used 2024 Honda HR-V Sport w/BSI,$27097
Certified Pre-Owned 2024 Nissan Pathfinder S,$27110
Used 2019 Kia Stinger GT1,$27141
Used 2022 Toyota RAV4 LE,$27156
Used 2024 Mazda CX-50 2.5 S Premium Plus Package,$27178
Used 2023 Jeep Grand Cherokee Altitude,$27196
Used 2024 Toyota Corolla Cross LE,$27197
Certified Pre-Owned 2023 Honda Civic Touring,$27197
Used 2021 Acura RDX w/A-Spec Package,$27198
Used 2023 Audi Q3 Premium Plus,$27220
Used 2025 Toyota Corolla Cross XLE,$27239
Used 2025 GMC Terrain Elevation,$27296
Certified Pre-Owned 2025 Honda HR-V Sport,$27297
Certified Pre-Owned 2025 Honda Civic Sport,$27328
Used 2024 Kia Sportage EX,$27378
Used 2021 CADILLAC XT6 Sport,$27379
Used 2025 Mazda CX-50 2.5 S Premium Package,$27397
Used 2025 Kia Sorento S,$27398
Used 2022 Ford Explorer XLT,$27502
Used 2024 Toyota Camry SE,$27504
Used 2025 Subaru Crosstrek Sport,$27507
Used 2024 Toyota RAV4 XLE,$27548
Certified Pre-Owned 2025 Honda HR-V Sport,$27548
Certified Pre-Owned 2024 Audi Q3 S line Premium,$27647
Used 2022 Hyundai Palisade Calligraphy,$27648
Used 2024 GMC Terrain Denali,$27678
Used 2023 Jeep Grand Cherokee L Limited,$27678
Used 2023 Jeep Grand Cherokee Altitude,$27678
Used 2020 Mercedes-Benz GLE 350,$27683
Used 2003 Porsche 911 Carrera,$27688
Used 2022 Mercedes-Benz Sprinter Cargo Van Cargo Van 144 in WB,$27688
Used 2022 Ford Maverick,$27688
Used 2023 Nissan Rogue Platinum,$27695
Used 2023 Jeep Wrangler 2-DOOR SPORT 4X4,$27696
Certified Pre-Owned 2025 Honda HR-V Sport,$27696
Certified Pre-Owned 2025 Honda Accord SE,$27697
Used 2024 Honda Civic Si,$27727
Used 2025 Nissan Pathfinder SV,$27826
Used 2025 Honda HR-V EX-L,$27848
Used 2024 Hyundai Santa Fe SEL,$27854
Used 2025 Honda Accord Sedan SE,$27893
Used 2023 Audi A3 40 Premium Plus,$27893
Used 2025 Subaru Forester Premium,$27896
Used 2022 MINI Hardtop 2 Door John Cooper Works,$27918
Used 2024 Toyota Camry SE,$27938
Used 2025 Hyundai Santa Fe SEL,$27948
Used 2025 Volkswagen Atlas 2.0T SE with Technology,$27948
Used 2023 Audi Q4 e-tron Premium Plus,$27968
Used 2023 Ford Explorer XLT,$27978
Used 2024 Toyota Camry SE,$27988
Used 2024 Subaru Outback Limited,$27997
Used 2025 Volkswagen Jetta GLI 2.0T Autobahn,$27997
Used 2023 Audi Q4 e-tron Premium Plus,$27997
Certified Pre-Owned 2024 Nissan ARIYA EVOLVE+,$28083
Certified Pre-Owned 2024 Honda Accord EX,$28088
Used 2024 Toyota Camry XSE,$28093
Used 2024 Jeep Wrangler Sport S,$28148
Used 2022 Audi Q5 45 S line Premium,$28178
Used 2023 Chrysler Pacifica Touring L,$28178
Certified Pre-Owned 2024 Honda Accord EX,$28185
Used 2021 Volkswagen Atlas 3.6L V6 SEL Premium R-Line 4MOTION,$28196
Used 2020 Acura RDX Advance Package,$28197
Used 2022 Ford Explorer Limited,$28197
Used 2023 Honda Ridgeline RTL-E,$28197
Used 2025 Hyundai Santa Fe SEL,$28197
Certified Pre-Owned 2021 Honda CR-V Touring AWD,$28197
Certified Pre-Owned 2025 Honda Accord SE,$28197
Used 2024 Ford Bronco Sport Heritage,$28238
Used 2023 Audi A4 40 Premium Plus,$28238
Certified Pre-Owned 2024 Honda HR-V EX-L,$28248
Used 2019 Chevrolet Tahoe Premier,$28318
Certified Pre-Owned 2025 Honda Accord SE,$28468
Used 2025 Toyota Prius LE,$28512
Used 2021 Porsche Macan,$28517
Used 2024 Volkswagen Atlas Cross Sport 2.0T SE w/Technology,$28523
Used 2023 Audi Q4 e-tron Prestige,$28578
Used 2025 Mazda Mazda3 Sedan 2.5 Turbo Premium Plus Package,$28597
Used 2024 Subaru Crosstrek Wilderness,$28623
Used 2025 Honda Civic Hybrid Sport,$28678
Used 2019 Chevrolet Silverado 1500 LTZ,$28678
Used 2021 Toyota 4Runner SR5,$28678
Certified Pre-Owned 2022 Lincoln Nautilus Reserve,$28685
Certified Pre-Owned 2025 Honda HR-V EX-L,$28686
Used 2024 Toyota Camry SE,$28696
Used 2025 Hyundai Tucson SEL Convenience,$28696
Used 2024 Volkswagen Atlas 2.0T SE,$28697
Used 2022 Toyota RAV4 XLE Premium,$28763
Used 2021 Toyota RAV4 XLE Premium,$28771
Used 2024 Kia Sorento S,$28788
Certified Pre-Owned 2024 Honda HR-V EX-L,$28848
Used 2023 Mercedes-Benz GLC 300,$28878
Certified Pre-Owned 2024 Honda Accord Hybrid Sport,$28897
Used 2025 Toyota Corolla Cross XLE,$28918
Used 2021 Toyota Avalon Hybrid Limited,$28918
Used 2025 CADILLAC XT4 Premium Luxury,$28934
Used 2024 Subaru Forester Sport,$28969
Certified Pre-Owned 2025 Honda Civic Hybrid Sport,$28997
Used 2025 Toyota Corolla Cross XLE,$28998
Used 2024 Kia Carnival SX,$28999
Used 2022 Jeep Wagoneer Series II,$28999
Used 2023 Subaru Forester Wilderness,$28999
Used 2023 INFINITI QX60 SENSORY,$29044
Used 2015 Ford Mustang GT Premium,$29048
Used 2026 Honda HR-V Sport,$29134
Used 2025 Toyota RAV4 XLE,$29173
Used 2023 Jeep Gladiator Overland,$29233
Used 2025 Volkswagen Tiguan 2.0T SE,$29239
Used 2022 Volvo XC90 T5 FWD Momentum 7 Seater,$29288
Used 2023 Chevrolet Traverse RS,$29356
Used 2024 Volvo XC60 B5 Core Dark,$29368
Used 2025 Honda CR-V LX,$29448
Certified Pre-Owned 2025 Honda Accord Hybrid Sport,$29448
Used 2022 Jeep Gladiator Overland,$29479
Used 2023 Lincoln Nautilus Reserve,$29569
Used 2024 Jeep Wrangler 4xe Rubicon,$29597
Used 2022 Toyota RAV4 Hybrid XLE Premium,$29601
Used 2023 INFINITI QX50 SPORT,$29607
Used 2025 Toyota RAV4 XLE,$29641
Used 2022 Jeep Grand Cherokee 4xe Summit,$29665
Used 2022 Jeep Gladiator Rubicon,$29678
Certified Pre-Owned 2023 Nissan Pathfinder SL,$29678
Used 2023 Jeep Wrangler 4xe Sahara,$29678
Used 2021 BMW X5 xDrive40i,$29685
Used 2023 Audi Q3 Premium,$29688
Used 2025 Subaru Crosstrek Limited,$29697
Used 2023 Lincoln Corsair Standard,$29797
Certified Pre-Owned 2025 Toyota RAV4 LE,$29798
Used 2024 Toyota RAV4 XLE,$29842
Certified Pre-Owned 2024 Volkswagen Tiguan 2.0T SEL R-Line,$29858
Certified Pre-Owned 2025 Toyota RAV4 XLE,$29882
Certified Pre-Owned 2024 Honda CR-V LX,$29886
Used 2023 Mazda CX-5 2.5 Turbo Signature,$29919
Certified Pre-Owned 2023 Volkswagen Atlas 3.6L V6 SE w/Technology,$29972
Used 2020 Jeep Gladiator Rubicon,$29983
Used 2024 Honda Accord Hybrid Sport,$29986
Used 2025 Toyota RAV4 XLE,$29988
Used 2024 GMC Terrain Denali,$29997
Certified Pre-Owned 2016 Porsche Macan S,$29997
Used 2025 Hyundai Tucson Limited,$29997
Used 2023 Tesla Model Y Long Range,$29997
Used 2024 Audi A3 40 Premium Plus,$29997
Certified Pre-Owned 2025 Volkswagen Atlas 2.0T SE,$29998
Used 2024 Mazda CX-5 2.5 Turbo Premium Package,$29998
Used 2022 Acura MDX w/Technology Package,$29998
Used 2024 Jeep Wrangler 4xe Sport,$29998
Used 2022 Jeep Wrangler Unlimited Sahara,$29999
Used 2021 Jeep Gladiator Willys,$29999
Used 2022 Toyota RAV4 Limited,$30156
Used 2023 Ford Explorer XLT,$30178
Used 2023 Jeep Grand Cherokee L Laredo,$30178
Used 2022 Dodge Durango Citadel,$30178
Used 2025 Mazda CX-50 2.5 S Premium Plus Package,$30197
Used 2023 Genesis GV70 2.5T,$30297
Used 2023 Jeep Wrangler 4xe Sahara,$30297
Used 2025 Kia Sportage Hybrid EX,$30348
Used 2024 Jeep Wrangler 4xe Sport,$30377
Used 2025 Toyota RAV4 XLE,$30382
Used 2022 INFINITI QX60 LUXE,$30393
Used 2026 Honda HR-V EX-L,$30415
Used 2024 Audi Q5 S line Premium Plus,$30438
Used 2025 Kia Sorento S,$30478
Used 2021 Toyota Tacoma SR5 V6,$30497
Used 2023 Jeep Grand Cherokee L Limited,$30528
Used 2023 BMW i4 eDrive35,$30591
Certified Pre-Owned 2023 Honda Odyssey EX-L,$30597
Used 2024 Jeep Wrangler 4xe Sport,$30647
Used 2024 Nissan Armada SV,$30677
Used 2022 Chevrolet Traverse Premier,$30678
Used 2023 Toyota Highlander L,$30678
Used 2020 Ford F-150 XLT,$30678
Used 2022 Subaru Outback Wilderness,$30678
Used 2014 Ford Mustang GT,$30678
Used 2022 Jeep Gladiator Willys,$30678
Used 2023 Volvo XC60 B5 FWD Ultimate Bright,$30688
Used 2022 MINI Hardtop 2 Door John Cooper Works,$30693
Used 2023 INFINITI QX60 SENSORY,$30694
Used 2023 Ford Explorer XLT,$30695
Used 2024 Ford Expedition XLT,$30696
Used 2024 Audi Q5 40 Premium,$30697
Used 2022 Mercedes-Benz E-Class E 350,$30697
Certified Pre-Owned 2023 Volkswagen Atlas 3.6L V6 SE w/Technology,$30742
Used 2023 Honda Passport EX-L,$30769
Used 2025 Toyota RAV4 XLE,$30790
Certified Pre-Owned 2024 Volkswagen Golf GTI 2.0T SE,$30809
Used 2025 Honda Accord Hybrid Sport-L,$30854
Certified Pre-Owned 2025 Honda CR-V EX,$30918
Used 2020 Jeep Gladiator Mojave,$30922
Used 2024 Toyota RAV4 LE,$30932
Used 2020 Toyota Tacoma SR5 V6,$30938
Certified Pre-Owned 2021 Honda CR-V Touring,$30948
Used 2025 Genesis GV70 2.5T,$30997
Used 2024 Honda Ridgeline RTL,$30997
Used 2024 Volkswagen Atlas 2.0T SE w/Technology,$31097
Used 2025 Volkswagen Atlas 2.0T SE with Technology,$31148
Used 2023 Audi Q7 45 Premium,$31178
Used 2025 Mazda MX-5 Miata RF Grand Touring,$31197
Certified Pre-Owned 2024 Honda CR-V EX-L,$31197
Used 2022 Toyota Tacoma SR5 V6,$31197
Used 2022 Acura RDX w/A-Spec Package,$31197
Used 2023 Audi Q5 Premium,$31197
Used 2025 Subaru Outback Touring,$31238
Used 2025 Kia Sorento S,$31278
Certified Pre-Owned 2024 Honda CR-V EX,$31297
Used 2023 Toyota RAV4 XLE,$31310
Used 2023 Hyundai Santa Fe Limited,$31395
Used 2021 Jeep Grand Cherokee Summit,$31463
Used 2023 Tesla Model Y Long Range,$31568
Used 2024 Chevrolet Colorado LT,$31586
Used 2024 Hyundai Palisade Calligraphy,$31598
Certified Pre-Owned 2024 Honda CR-V Hybrid Sport,$31608
Used 2025 Ford Maverick XLT,$31675
Used 2024 Subaru Outback Touring XT,$31688
Used 2022 Jeep Gladiator Rubicon,$31688
Used 2025 Toyota Camry SE,$31693
Used 2025 Toyota RAV4 XLE,$31694
Used 2024 Hyundai IONIQ 5 Limited,$31697
Used 2024 Acura Integra A-Spec Tech Package,$31697
Used 2023 Nissan Pathfinder Rock Creek,$31697
Used 2023 Toyota Tacoma SR5 V6,$31697
Used 2011 Ford Mustang,$31697
Used 2019 Ford F-150,$31918
Certified Pre-Owned 2024 Lincoln Corsair Premiere,$31919
Certified Pre-Owned 2022 Honda Pilot Black Edition,$31988
Certified Pre-Owned 2024 Honda CR-V EX-L,$31988
Used 2023 LEXUS UX 250h Premium,$31988
Used 2023 Jeep Grand Cherokee Altitude,$31994
Used 2025 Toyota RAV4 XLE,$31997
Used 2024 Toyota Camry TRD V6,$31997
Used 2024 Audi Q3 Premium,$31997
Certified Pre-Owned 2022 Mercedes-Benz GLC 300,$32097
Used 2022 Jeep Grand Cherokee Summit,$32097
Used 2022 Jeep Wrangler Unlimited Rubicon,$32106
Used 2020 Porsche Macan S,$32177
Used 2020 Toyota 4Runner SR5 Premium,$32178
Certified Pre-Owned 2024 Honda Accord Hybrid Touring,$32197
Used 2025 Volkswagen Tiguan SE R-Line Black,$32228
Used 2023 Jeep Gladiator Sport S,$32247
Used 2024 CADILLAC CT4 Luxury,$32367
Used 2025 CADILLAC XT4 Premium Luxury,$32388
Used 2025 Mazda CX-50 2.5 S Premium Plus Package,$32397
Used 2023 BMW i4 eDrive35,$32438
Certified Pre-Owned 2025 Honda CR-V Hybrid Sport,$32448
Used 2023 Audi Q5 Sportback S line Premium,$32468
Used 2024 Hyundai Palisade SEL,$32488
Certified Pre-Owned 2024 Honda CR-V Hybrid Sport-L,$32497
Used 2025 Toyota Prius XLE,$32497
Certified Pre-Owned 2026 Honda CR-V EX,$32497
Used 2023 Jeep Grand Cherokee L Limited,$32528
Used 2024 Acura RDX A-Spec Package,$32597
Used 2023 Audi Q5 S line Premium,$32648
Used 2023 Jeep Gladiator Overland,$32678
Used 2023 BMW X1 xDrive28i,$32680
Used 2023 Ford Explorer Limited,$32696
Used 2025 Mazda CX-70 3.3 Turbo S Premium Package,$32697
Used 2022 Chevrolet Silverado 1500 LTD Custom Trail Boss,$32860
Used 2025 Toyota RAV4 XLE Premium,$32909
Used 2021 Toyota Tacoma 4WD TRD Off Road,$32939
Certified Pre-Owned 2025 Honda CR-V Hybrid Sport-L,$32988
Used 2026 Volkswagen Atlas SE,$32997
Used 2025 Ford Transit Cargo Van,$32997
Used 2025 Ford Ranger XLT,$32999
Certified Pre-Owned 2026 Volkswagen Atlas SE,$33044
Certified Pre-Owned 2024 Nissan Pathfinder SL,$33091
Used 2026 Volkswagen Atlas Cross Sport 2.0T SE w/Technology,$33136
Used 2025 Ford Ranger XLT,$33196
Used 2024 Audi A4 S line Premium Plus,$33197
Used 2023 Nissan Frontier PRO-4X,$33233
Used 2024 Toyota Tacoma 2WD SR5,$33241
Used 2020 Ford F-150 LARIAT,$33278
Used 2022 Ram 2500 Big Horn,$33278
Used 2023 Jeep Grand Cherokee Overland,$33278
Used 2024 Toyota RAV4 Hybrid XLE Premium,$33292
Certified Pre-Owned 2024 Volkswagen Atlas 2.0T SE w/Technology,$33367
Used 2024 Nissan Pathfinder Rock Creek,$33381
Certified Pre-Owned 2025 Honda CR-V Hybrid Sport-L,$33397
Used 2024 GMC Canyon Elevation,$33478
Used 2025 Honda Odyssey EX-L,$33497
Used 2021 LEXUS IS 350 F SPORT,$33538
Used 2020 BMW X7 xDrive40i,$33538
Used 2023 Audi Q7 45 Premium,$33646
Used 2024 Jeep Grand Cherokee Altitude X,$33678
Used 2024 Jeep Wagoneer L Series II,$33678
Certified Pre-Owned 2024 Honda CR-V EX-L,$33686
Used 2024 Jeep Wrangler Sport,$33688
Used 2025 Genesis GV80 2.5T Standard,$33688
Certified Pre-Owned 2025 Honda Accord Hybrid Touring,$33688
Certified Pre-Owned 2025 BMW 230i,$33691
Certified Pre-Owned 2025 Honda Odyssey EX-L,$33848
Used 2024 Toyota RAV4 XLE Premium,$33880
Used 2024 Honda CR-V Hybrid Sport-L,$33921
Used 2025 Subaru Outback Touring XT,$33923
Used 2024 Honda CR-V EX-L,$33923
Used 2025 Toyota Highlander LE,$33948
Certified Pre-Owned 2024 Honda CR-V Hybrid Sport-L,$33988
Certified Pre-Owned 2021 Toyota RAV4 Hybrid XSE,$33998
Used 2021 Jeep Gladiator Mojave,$34060
Used 2024 Nissan Frontier PRO-4X,$34081
Used 2025 Tesla Model 3 Long Range,$34169
Used 2021 Toyota 4Runner Venture,$34198
Certified Pre-Owned 2023 Acura RDX w/A-Spec Package,$34234
Certified Pre-Owned 2023 Honda Pilot Elite,$34273
Used 2023 Audi S3 Premium Plus,$34297
Used 2021 BMW X5 xDrive40i,$34338
Certified Pre-Owned 2024 Honda Passport TrailSport,$34347
Used 2022 Jeep Wagoneer Series II,$34397
Used 2023 Honda Odyssey Elite,$34436
Used 2022 GMC Sierra 1500 Limited SLT,$34498
Certified Pre-Owned 2024 Honda Ridgeline RTL,$34548
Used 2022 Toyota Highlander Limited,$34548
Used 2023 Jeep Wrangler 4xe Rubicon 20th Anniversary,$34568
Used 2021 Ram 1500 Rebel,$34602
Used 2026 Volkswagen Atlas SE w/Technology,$34618
Used 2023 GMC Acadia Denali,$34628
Used 2023 Audi Q5 45 S Line Premium,$34646
Used 2025 Chevrolet Silverado 1500 LT,$34648
Used 2024 Audi Q4 Sportback e-tron Prestige,$34688
Used 2023 Acura RDX A-Spec Package,$34696
Used 2025 Ford Explorer ST-Line,$34697
Used 2023 Honda Passport EX-L,$34923
Certified Pre-Owned 2024 Mercedes-Benz C-Class C 300 4MATIC,$34963
Used 2022 Jeep Gladiator Rubicon,$34988
Certified Pre-Owned 2024 Honda CR-V Hybrid Sport Touring,$34988
Certified Pre-Owned 2024 Honda CR-V Hybrid Sport-L,$34988
Used 2024 Acura RDX,$34996
Used 2021 BMW X4 M40i,$34996
Used 2024 Honda Passport TrailSport,$34997
Certified Pre-Owned 2022 Mercedes-Benz GLE 350 4MATIC,$34997
Used 2025 BMW X1 xDrive28i,$34997
Used 2025 Honda CR-V EX-L,$34997
Used 2022 Mercedes-Benz GLE 350 4MATIC®,$34997
Used 2023 Audi Q7 55 Premium,$34998
Certified Pre-Owned 2025 Honda CR-V Hybrid Sport-L,$35186
Used 2022 Audi Q7 Premium Plus,$35207
Used 2025 Subaru Outback Touring XT,$35324
Certified Pre-Owned 2023 Acura MDX FWD Technology Package,$35338
Used 2025 Honda CR-V Hybrid Sport-L,$35348
Used 2021 Chevrolet Silverado 1500 Custom Trail Boss,$35421
Used 2023 Dodge Challenger R/T,$35440
Certified Pre-Owned 2025 Honda CR-V Hybrid Sport-L,$35448
Used 2025 Jeep Grand Cherokee Limited,$35478
Used 2024 Lincoln Corsair Reserve,$35494
Used 2023 Acura RDX Technology Package,$35497
Used 2024 Kia Sorento X-Line SX Prestige,$35521
Used 2023 Toyota RAV4 Limited,$35592
Certified Pre-Owned 2023 Mercedes-Benz GLC 300 4MATIC,$35597
Used 2023 Ford Bronco,$35650
Used 2024 Ford F-150 XLT,$35678
Certified Pre-Owned 2024 Honda CR-V Hybrid Sport-L,$35686
Used 2022 Ford Bronco,$35694
Used 2024 LEXUS ES 350,$35695
Used 2025 Hyundai Palisade XRT,$35697
Used 2024 BMW 530i,$35918
Used 2024 BMW i4 eDrive40,$35920
Used 2023 Volvo XC90 B6 AWD Plus 7-Seater,$35994
Used 2021 BMW M340i M340i,$36197
Used 2025 Hyundai Santa Fe Hybrid Limited,$36197
Used 2023 Audi A5 45 S Line Premium Plus,$36197
Used 2023 Jeep Gladiator Mojave,$36234
Certified Pre-Owned 2023 Acura RDX Technology Package,$36268
Used 2022 Chevrolet Silverado 1500 LTD RST,$36318
Used 2023 GMC Sierra 1500 SLT,$36348
Used 2025 Ford Explorer Active,$36372
Used 2025 Honda Pilot Sport,$36406
Used 2022 Ford F-150 LARIAT,$36426
Used 2025 Toyota GR Corolla Premium,$36464
Used 2021 Audi SQ7 4.0T Premium Plus,$36471
Used 2023 Honda Pilot TrailSport,$36573
Certified Pre-Owned 2024 Honda CR-V Hybrid Sport-L,$36597
Used 2023 Audi A5 S line Premium Plus,$36648
Used 2022 Mercedes-Benz GLE 450 4MATIC®,$36673
Certified Pre-Owned 2024 Nissan Pathfinder Platinum,$36678
Used 2025 Toyota RAV4 Hybrid XLE,$36678
Certified Pre-Owned 2023 Mercedes-Benz EQE 350+,$36688
Used 2025 Kia Sorento X-Line SX Prestige,$36688
Used 2024 Tesla Model Y Long Range,$36688
Used 2024 Honda Passport TrailSport,$36688
Used 2023 Mercedes-Benz GLC 300 4MATIC®,$36697
Used 2023 Honda Pilot Touring,$36796
Used 2022 LEXUS ES 350 Ultra Luxury,$36871
Used 2021 Chevrolet Silverado 1500 LT Trail Boss,$36884
Used 2023 GMC Canyon Denali,$36918
Used 2022 Acura RDX Advance Package,$37031
Certified Pre-Owned 2023 Lincoln Nautilus Reserve,$37084
Used 2018 Ford F-150 Raptor,$37137
Certified Pre-Owned 2023 Mercedes-Benz GLC 300,$37197
Used 2022 Porsche Macan Base,$37197
Certified Pre-Owned 2025 Audi Q3 S line Premium Plus,$37197
Certified Pre-Owned 2025 Honda Ridgeline TrailSport,$37197
Certified Pre-Owned 2024 Honda Pilot Touring,$37248
Used 2024 Jeep Wrangler Rubicon,$37261
Used 2025 Chevrolet Silverado 1500 LT w/1LT,$37296
Used 2025 Ford F-150 XLT,$37456
Used 2025 Hyundai Santa Fe Calligraphy,$37498
Used 2023 CADILLAC XT6 Sport,$37568
Used 2015 Porsche Boxster,$37598
Used 2021 Chevrolet Tahoe RST,$37678
Certified Pre-Owned 2025 Honda Odyssey Sport-L,$37685
Used 2022 Ram 2500 Tradesman,$37693
Certified Pre-Owned 2026 Honda CR-V Hybrid TrailSport,$37696
Used 2024 Hyundai Palisade Calligraphy,$37897
Certified Pre-Owned 2024 Acura RDX w/A-Spec Package,$37911
Certified Pre-Owned 2026 Volkswagen Atlas SE w/Technology,$37967
Used 2025 Kia Telluride EX,$38197
Used 2023 Honda Pilot Touring,$38197
Used 2023 Audi SQ5 Premium Plus,$38197
Used 2026 Dodge Durango GT,$38238
Used 2024 Toyota Tacoma SR5,$38263
Used 2020 Chevrolet Silverado 1500 High Country,$38297
Used 2024 Honda Passport TrailSport,$38306
Used 2024 Ford F-150 XLT,$38358
Certified Pre-Owned 2019 Porsche Macan S,$38497
Used 2025 Kia Sorento Hybrid SX Prestige,$38586
Used 2023 Jeep Wrangler 4-DOOR RUBICON 4X4,$38648
Certified Pre-Owned 2022 Mercedes-Benz GLE 350 4MATIC,$38685
Used 2023 Genesis GV80 3.5T Advanced,$38688
Certified Pre-Owned 2025 Honda Passport TrailSport,$38688
Certified Pre-Owned 2024 Acura MDX SH-AWD Technology Package,$38696
Certified Pre-Owned 2022 Mercedes-Benz GLE 350 4MATIC®,$38696
Used 2024 LEXUS IS 300 IS 300 F SPORT,$38697
Used 2025 Subaru Outback Touring XT,$38705
Used 2025 Chevrolet Colorado Z71,$38898
Certified Pre-Owned 2025 Honda Ridgeline Black Edition,$38948
Used 2023 Ram 1500 Big Horn,$38968
Used 2024 LEXUS NX 350 NX 350,$38997
Used 2025 Toyota Sienna XLE 8 Passenger,$38998
Used 2024 Toyota Tacoma 4WD TRD Sport,$38998
Used 2025 LEXUS UX 300h UX 300h Premium,$39028
Used 2024 LEXUS NX 250 Premium,$39070
Used 2023 BMW X5 sDrive40i,$39072
Certified Pre-Owned 2022 Mercedes-Benz GLE 350 4MATIC,$39097
Used 2025 Audi Q7 45 Premium Plus,$39128
Used 2023 Chevrolet Colorado ZR2,$39171
Used 2024 Chevrolet Colorado Z71,$39178
Used 2023 Audi S4 3.0T Premium Plus,$39197
Certified Pre-Owned 2024 Acura MDX 3.5L,$39246
Used 2024 Toyota RAV4 Hybrid XSE,$39266
Used 2022 Ram 2500 Laramie,$39455
Certified Pre-Owned 2026 Volkswagen Atlas SEL,$39499
Certified Pre-Owned 2024 BMW 330i xDrive,$39579
Certified Pre-Owned 2025 Honda CR-V Hybrid Sport Touring,$39597
Used 2022 Toyota 4Runner SR5 Premium,$39598
Certified Pre-Owned 2026 Honda Odyssey EX-L,$39688
Certified Pre-Owned 2024 Acura MDX 3.5L,$39772
Used 2023 Audi Q7 55 Prestige,$39868
Certified Pre-Owned 2026 Honda Passport RTL,$39897
Certified Pre-Owned 2024 Acura MDX SH-AWD Advance Package,$39918
Used 2022 Acura MDX SH-AWD with A-Spec Package,$39918
Used 2025 Toyota RAV4 Limited,$39990
Used 2025 Ram 1500 Rebel,$39997
Used 2025 Honda Pilot EX-L,$39997
Certified Pre-Owned 2024 Acura RDX Technology Package,$39998
Used 2024 Lincoln Nautilus Premiere,$40196
Certified Pre-Owned 2026 Honda CR-V Hybrid Sport Touring,$40197
Used 2021 Dodge Challenger R/T Scat Pack,$40413
Certified Pre-Owned 2024 Honda Pilot Touring,$40448
Used 2022 Toyota 4Runner Limited,$40543
Used 2024 Jeep Grand Cherokee Overland,$40649
Used 2024 Jeep Wagoneer L Series III,$40656
Used 2024 Toyota Tacoma TRD Sport,$40678
Used 2024 Ford Bronco Outer Banks,$40678
Used 2024 Hyundai Palisade Calligraphy Night Edition,$40678
Used 2023 Acura MDX SH-AWD A-Spec Package,$40679
Used 2022 Toyota 4Runner Limited,$40688
Used 2022 LEXUS NX 450h+ Luxury,$40691
Used 2023 Audi Q7 55 Premium,$40697
Used 2024 Honda Pilot TrailSport,$40848
Used 2023 BMW 540i xDrive,$40973
Used 2016 Chevrolet SS Base,$40996
Used 2024 Ford Ranger Lariat,$41109
Certified Pre-Owned 2025 Honda Odyssey Touring,$41138
Used 2024 LEXUS IS 300,$41488
Certified Pre-Owned 2024 Honda Pilot Touring,$41488
Used 2025 Kia Telluride EX X-Line,$41548
Used 2023 Jeep Grand Cherokee Summit,$41620
Used 2024 Honda Pilot Touring,$41647
Used 2025 Toyota Grand Highlander XLE,$41697
Used 2021 Maserati Levante GTS,$41697
Used 2022 Audi A5 Prestige,$41697
Certified Pre-Owned 2023 Honda Pilot TrailSport,$41848
Used 2023 Mercedes-Benz GLE 350,$41991
Used 2023 Chevrolet Suburban LT,$42073
Used 2025 Audi A5 2.0T Premium Plus,$42097
Used 2024 Toyota Sienna XSE 7 Passenger,$42155
Used 2025 Honda Pilot Touring,$42197
Used 2025 Ford F-150 XLT,$42197
Certified Pre-Owned 2023 Mercedes-Benz GLE 350,$42238
Used 2023 Ram 2500 Big Horn,$42243
Used 2020 Ram 2500 Power Wagon,$42325
Used 2025 Jeep Grand Cherokee Overland,$42370
Used 2023 Audi SQ5 Premium Plus,$42438
Certified Pre-Owned 2024 Honda Pilot Touring,$42448
Used 2026 Jeep Wrangler Sahara,$42643
Certified Pre-Owned 2023 Lincoln Nautilus Reserve,$42678
Used 2025 LEXUS IS IS 300,$42696
Certified Pre-Owned 2025 Acura MDX w/Technology Package,$42697
Used 2023 LEXUS IS IS 350 F SPORT,$42897
Used 2021 Chevrolet Tahoe RST,$42932
Certified Pre-Owned 2026 Volkswagen Atlas Cross Sport SEL R-Line Black,$43153
Used 2021 Chevrolet Tahoe High Country,$43297
Certified Pre-Owned 2024 BMW X3 xDrive30i,$43319
Certified Pre-Owned 2025 Acura MDX,$43596
Used 2023 Audi A7 Premium Plus,$44118
Used 2024 Toyota Sienna XLE,$44197
Used 2025 Acura TLX A-Spec Package,$44297
Used 2023 BMW iX xDrive50,$44370
Used 2022 Chevrolet Tahoe Z71,$44378
Certified Pre-Owned 2025 Honda Pilot TrailSport,$44548
Used 2024 Genesis GV80 3.5T,$44623
Used 2024 Jeep Grand Cherokee L Summit Reserve,$44678
Used 2024 LEXUS NX 350h Premium,$44688
Used 2023 Ford Bronco Wildtrak,$44957
Used 2024 Chevrolet Tahoe LS,$44988
Used 2021 Toyota Sequoia Platinum,$44992
Used 2022 LEXUS GX 460,$44998
Certified Pre-Owned 2023 Acura MDX w/Advance Package,$45148
Used 2023 Dodge Charger Scat Pack,$45355
Used 2025 Toyota Tacoma i-FORCE MAX TRD Sport,$45383
Certified Pre-Owned 2025 Honda Pilot Touring,$45448
Used 2024 GMC Canyon 4WD Denali,$45448
Used 2024 Toyota Grand Highlander Limited,$45560
Certified Pre-Owned 2023 Mercedes-Benz EQS 450+,$45597
Used 2025 Audi Q7 55 Premium Plus,$45697
Used 2025 Mercedes-Benz GLE 350 GLE 350,$45697
Used 2021 GMC Yukon Denali,$45939
Used 2025 LEXUS RX 350 Base,$45968
Certified Pre-Owned 2026 BMW 330i,$45994
Certified Pre-Owned 2023 Mercedes-Benz EQS 450+,$46128
Used 2024 GMC Sierra 2500 HD Pro,$46179
Used 2024 Chevrolet Traverse RS,$46196
Certified Pre-Owned 2023 Mercedes-Benz EQS 450+,$46248
Used 2025 LEXUS ES ES 350,$46688
Used 2024 Toyota Grand Highlander Limited,$46755
Certified Pre-Owned 2024 Audi Q8 Sportback e-tron S line Prestige,$47397
Used 2026 Ford Explorer ST,$47462
Used 2025 Chevrolet Silverado 2500 HD LT,$47597
Certified Pre-Owned 2024 Lincoln Nautilus Reserve,$47650
Certified Pre-Owned 2025 Honda Civic Type R,$47688
Used 2023 BMW X7 xDrive40i,$47691
Used 2024 LEXUS TX 350 350,$47978
Used 2026 BMW 430i,$47997
Used 2024 Chevrolet Tahoe LS,$48410
Used 2024 BMW iX xDrive50,$48691
Used 2025 BMW M240i M240i,$48697
Used 2023 Porsche Macan T,$49028
Used 2024 Ford Bronco Wildtrak,$49094
Used 2023 Ram 1500 Limited,$49138
Used 2019 Toyota Tundra 1794 5.7L V8,$49197
Used 2025 Mercedes-Benz Sprinter Cargo Van Cargo 170 WB,$49597
Used 2023 Ram 2500 Power Wagon,$49678
Used 2024 GMC Sierra 1500 Denali Ultimate,$49678
Used 2025 BMW X7 xDrive40i,$49979
Used 2025 Ford F-350 XL,$49997
Certified Pre-Owned 2024 Mercedes-Benz GLE 350 4MATIC®,$49997
Used 2023 GMC Sierra 1500 Denali,$50197
Certified Pre-Owned 2022 Mercedes-Benz GLS 450 4MATIC®,$50338
Used 2023 Audi e-tron GT Premium Plus,$50497
Used 2025 Toyota Highlander Hybrid Hybrid XLE,$50648
Used 2024 Toyota Tundra i-FORCE MAX Limited,$50998
Used 2025 Chevrolet Silverado 1500 LT Trail Boss,$51083
Used 2023 Chevrolet Silverado 1500 ZR2,$51236
Certified Pre-Owned 2025 Acura MDX SH-AWD Technology Package,$51238
Used 2025 Toyota Highlander Platinum,$51418
Used 2024 LEXUS RX 350 Luxury,$51474
Used 2023 Ford F-150 LARIAT,$51688
Used 2025 Ford Bronco Badlands,$52196
Used 2024 Mercedes-Benz GLE 450 4MATIC,$53194
Used 2022 Ford Mustang Mach 1,$53678
Used 2026 Toyota Tundra Limited,$54298
Certified Pre-Owned 2023 Mercedes-Benz GLS 450 4MATIC,$54978
Used 2024 LEXUS TX 350 Luxury,$54998
Used 2024 Toyota Tundra i-FORCE MAX Platinum,$55196
Used 2025 Ram 1500 Limited,$55337
Used 2025 Toyota 4Runner TRD Sport Premium,$55448
Used 2021 Ford F-250 Lariat,$55648
Used 2023 Chevrolet Tahoe Premier,$55680
Used 2024 Chevrolet Tahoe Premier,$55688
Used 2024 Ford F-150 Platinum,$55692
Certified Pre-Owned 2025 Mercedes-Benz GLE 350,$55696
Certified Pre-Owned 2026 BMW i5 eDrive40,$55998
Used 2025 Toyota Grand Highlander Hybrid Limited,$56348
Used 2023 Chevrolet Tahoe Z71,$56578
Used 2024 Ram 2500 Power Wagon,$56678
Used 2023 Chevrolet Tahoe Z71,$56678
Used 2025 Audi S5 3.0T Premium Plus,$56696
Certified Pre-Owned 2024 BMW X5 xDrive40i,$57081
Used 2024 Chevrolet Tahoe RST,$57588
Used 2025 Genesis GV80 3.5T Prestige AWD,$58428
Certified Pre-Owned 2026 BMW 530i,$58521
Certified Pre-Owned 2024 Mercedes-Benz GLE 450 4MATIC,$58968
Used 2026 Acura MDX w/A-Spec Advance Package,$58999
Used 2025 GMC Sierra 1500 Denali,$59097
Used 2023 Chevrolet Tahoe High Country,$59098
Used 2024 Mercedes-Benz GLS 450 GLS 450,$59597
Used 2025 LEXUS TX 350 TX 350 Premium,$59988
Used 2024 Chevrolet Tahoe RST,$59997
Used 2020 Porsche Cayenne Turbo,$60138
Certified Pre-Owned 2025 BMW X5 xDrive40i,$60141
Used 2025 Genesis GV80 3.5T Prestige,$60228
Used 2023 Mercedes-Benz AMG GLE 53 AMG GLE 53,$60397
Certified Pre-Owned 2026 Mercedes-Benz GLE 350 4MATIC®,$60693
Used 2024 Volvo V60 plug-in hybrid T8 Polestar Engineered,$61678
Used 2023 BMW X7 M60i,$61948
Certified Pre-Owned 2023 Porsche Cayenne Coupe Platinum Edition,$61997
Used 2025 Ford F-150 King Ranch,$62346
Used 2024 Toyota Land Cruiser,$62678
Certified Pre-Owned 2026 Mercedes-Benz GLE 350 4MATIC®,$63196
Used 2025 BMW X5 xDrive40i,$63478
Used 2024 Chevrolet Silverado 2500 HD High Country,$63678
Used 2022 BMW M4 Competition,$63690
Used 2021 Ram 1500 TRX,$63978
Used 2024 Mercedes-Benz CLE 450 CLE 450,$64998
Certified Pre-Owned 2025 Mercedes-Benz GLE 450e 4MATIC,$65683
Used 2023 Dodge Challenger SRT Hellcat,$67678
Used 2021 LEXUS LX 570 Two-Row,$68357
Used 2025 Toyota 4Runner i-FORCE MAX TRD Pro,$68468
Certified Pre-Owned 2025 Mercedes-Benz AMG® GLE 53 4MATIC®,$68597
Used 2024 GMC Sierra 2500 HD AT4,$68674
Used 2025 GMC Sierra 2500HD AT4,$68688
Used 2025 GMC Yukon AT4,$69296
Certified Pre-Owned 2024 Mercedes-Benz GLS 450 4MATIC,$69973
Used 2024 GMC Yukon Denali,$73197
Certified Pre-Owned 2025 Mercedes-Benz AMG E 53 E 4MATIC,$73628
Used 2024 Chevrolet Silverado 2500 HD ZR2,$73677
Certified Pre-Owned 2024 BMW 760i xDrive,$74991
Used 2021 Aston Martin DBX,$74998
Used 2024 Ford F-250 LARIAT,$75548
Used 2024 BMW X7 M60i,$75677
Certified Pre-Owned 2024 Porsche Cayenne Coupe,$75688
Used 2022 Dodge Charger SRT Hellcat Widebody,$75896
Used 2026 Chevrolet Tahoe High Country,$76202
Used 2024 LEXUS GX 550 Overtrail,$76251
Used 2022 Ram 1500 TRX,$76897
Used 2024 BMW X6 M60i,$77197
Used 2019 Aston Martin Vantage,$79593
Used 2024 BMW M4 Competition xDrive,$80693
Certified Pre-Owned 2022 Porsche Taycan Cross Turismo 4S,$81688
Used 2022 BMW M5,$81860
Certified Pre-Owned 2025 Porsche Taycan,$86938
Used 2024 Audi RS 7 4.0T performance,$97918
Certified Pre-Owned 2024 Porsche Taycan GTS,$104688
Used 2021 LEXUS LC 500 LC 500,$106697
Used 2022 Mercedes-Benz AMG® G 63 4MATIC®,$152885
Used 2022 Porsche 911 Targa 4 GTS,$176688
Used 2026 Jeep Compass Latitude Altitude,$24999
Used 2022 Honda Odyssey EX,$28948
Used 2026 Hyundai Santa Cruz SEL Activity,$31679
Certified Pre-Owned 2025 Acura ADX w/A-Spec Package,$34998
Certified Pre-Owned 2025 Acura ADX w/A-Spec Advance Package,$37153
Used 2025 Honda CR-V Hybrid Sport-L,$37667
Certified Pre-Owned 2025 Audi Q5 Premium,$40997
Certified Pre-Owned 2026 Mercedes-Benz C 300,$46218
Used 2026 Chevrolet Silverado 1500 RST,$50678
Certified Pre-Owned 2026 Mercedes-Benz E-Class 4MATIC,$72088
Certified Pre-Owned 2026 Porsche Cayenne E-Hybrid,$111397
Used 2010 Honda Civic LX,$4988
Used 2014 BMW X3 xDrive28i,$4999
Used 2014 Chevrolet Traverse LT w/1LT,$4999
Used 2003 Acura TL 3.2 Type S,$5586
Used 2017 Chevrolet Spark LT w/1LT CVT,$5696
Used 2016 Hyundai Elantra SE,$5998
Used 2013 Mazda Mazda3 i Touring,$5998
Used 2013 Ford Escape SEL,$6155
Used 2018 Hyundai Santa Fe Sport 2.4L,$6697
Used 2016 Volkswagen Jetta 1.4T S w/Technology Automatic,$6796
Used 2015 Kia Sorento LX,$6988
Used 2015 Buick LaCrosse Leather,$7458
Used 2009 Ford F-150 STX,$7478
Used 2010 Honda CR-V EX-L,$7678
Used 2012 Toyota RAV4 Limited V6 4WD,$7678
Used 2016 Jeep Renegade 75th Anniversary,$7678
Used 2020 Nissan Rogue SV,$8278
Used 2017 Subaru Crosstrek 2.0i Premium,$8279
Used 2014 Ford Mustang,$8798
Used 2015 Toyota Prius Two,$8997
Used 2016 Honda Accord LX,$9792
Used 2019 Toyota Camry SE,$10665
Used 2012 Toyota Highlander V6 FWD,$10678
Used 2014 Jeep Grand Cherokee Laredo,$10678
Used 2019 Ford Explorer XLT,$10997
Used 2013 Honda Civic LX,$11139
Used 2018 Volkswagen Tiguan 2.0T SEL,$11696
Used 2018 Volkswagen Atlas 3.6L V6 SEL Premium,$12078
Used 2013 Toyota Highlander Plus V6,$12639
Used 2020 Hyundai Santa Fe Limited,$12997
Used 2017 Buick Encore Premium,$12997
Used 2017 LEXUS ES ES 350,$12998
Used 2019 Honda Odyssey EX,$12998
Used 2019 Toyota RAV4 Adventure,$13298
Used 2019 Honda Pilot Touring 7-Passenger,$13678
Used 2016 Toyota RAV4 Limited,$13981
Used 2015 Toyota Sienna Ltd Premium,$14028
Used 2015 GMC Yukon Denali,$14422
Used 2020 Jeep Compass Limited,$14998
Used 2014 Jeep Wrangler Rubicon 4x4,$16677
Used 2018 Jeep Grand Cherokee Limited,$17246
Used 2021 Nissan Sentra S,$18468
Used 2020 Honda Passport EX-L FWD,$18678
Used 2024 Nissan Sentra S,$19618
Used 2022 Jeep Compass High Altitude,$20178
Used 2023 Nissan Kicks SR,$20297
Used 2023 Jeep Grand Cherokee Altitude,$20994
Used 2019 Jeep Wrangler Unlimited Sport,$21135
Used 2025 Mazda Mazda3 Sedan 2.5 S Select Sport,$21197
Used 2017 Toyota 4Runner SR5,$21597
Used 2023 Hyundai Santa Fe SEL,$21797
Used 2024 Mazda CX-30 2.5 S Preferred Package,$21988
Used 2025 Hyundai Sonata SEL,$22197
Used 2024 Jeep Grand Cherokee 4xe 4xe,$22532
Used 2025 Jeep Compass Latitude,$23396
Used 2024 Hyundai Elantra Limited,$23397
Used 2019 Honda Accord Hybrid EX-L,$23678
Used 2019 Chevrolet Blazer Premier,$23997
Used 2019 Chevrolet Silverado 1500 LT,$24507
Used 2019 Acura MDX 3.5L Tech & A-Spec Pkgs,$24597
Used 2024 Ford Bronco Sport Big Bend,$24649
Used 2020 Jeep Grand Cherokee High Altitude,$24678
Used 2024 Kia Sportage EX,$24986
Used 2024 Mazda CX-5 2.5 S Carbon Edition,$25627
Used 2020 Cadillac CT5 Premium Luxury,$26059
Used 2021 Chrysler Pacifica Limited,$26178
Used 2025 Honda Civic Sport,$26488
Used 2025 Honda Civic Sport,$26548
Used 2024 Honda Accord EX,$26686
Used 2025 Chrysler Pacifica Limited,$28546
Certified Pre-Owned 2021 Honda CR-V EX-L AWD,$28577
Certified Pre-Owned 2023 Honda Accord EX,$28678
Used 2021 Honda Odyssey EX-L,$28848
Certified Pre-Owned 2024 Honda Accord Hybrid Sport-L,$29678
Certified Pre-Owned 2025 Honda CR-V LX,$30178
Used 2025 Chrysler Pacifica Limited,$30278
Used 2021 Honda Pilot Elite AWD,$30678
Certified Pre-Owned 2023 Lincoln Nautilus Reserve,$30706
Used 2024 Acura Integra A-Spec Tech Package,$31438
Used 2022 Jeep Wrangler Unlimited Willys,$31678
Certified Pre-Owned 2024 Honda CR-V EX,$32178
Used 2023 Honda CR-V Hybrid Sport,$33686
Used 2024 Ford F-150 STX,$33818
Certified Pre-Owned 2023 Honda Ridgeline RTL-E,$34678
Used 2024 Audi Q5 45 S Line Premium Plus,$34838
Used 2025 Toyota RAV4 XLE Premium,$34848
Used 2023 Dodge Challenger R/T,$35677
Used 2023 Acura RDX Technology Package,$36697
Certified Pre-Owned 2025 Volkswagen Golf GTI 2.0T Autobahn,$36713
Used 2023 Acura RDX Technology Package,$36897
Used 2023 Jeep Gladiator Rubicon,$39112
Used 2025 BMW X5 PHEV xDrive50e,$39697
Certified Pre-Owned 2025 Honda Pilot EX-L,$40638
Used 2026 Jeep Grand Cherokee Limited Reserve,$40678
Used 2025 Ford Bronco Big Bend,$42347
Used 2024 LEXUS IS IS 350 F SPORT,$42454
Used 2025 Mazda CX-90 S Premium Plus Package,$42578
Used 2021 GMC Yukon Denali,$43096
Used 2025 Audi Q5 Premium Plus,$44197
Used 2024 Toyota Grand Highlander Limited,$45697
Used 2025 Honda Pilot Black Edition,$47688
Used 2024 Audi Q8 55 Premium,$48918
Used 2024 Genesis GV80 3.5T Prestige Matte,$49678
Used 2025 Ford Bronco Outer Banks,$49688
Used 2024 Genesis GV80 3.5T Advanced,$49997
Used 2025 Ford Ranger Raptor,$54178
Used 2023 Chevrolet Tahoe Z71,$55678
Used 2025 GMC Sierra 1500 Denali,$58678
Used 2025 Audi SQ6 e-tron Prestige,$61197
Used 2003 Lincoln Navigator Luxury,$9678
Used 2022 GMC Acadia SLE,$14178
Used 2018 Chevrolet Camaro 2LT,$15678
Used 2021 Mazda CX-5 Touring,$19436
Used 2019 Chevrolet Silverado 1500 RST,$21678
Used 2018 Chevrolet Silverado 1500 LT,$21678
Used 2023 Ford Explorer XLT,$24178
Used 2017 Chevrolet Silverado 1500 LT,$24178
Used 2021 Jeep Grand Cherokee L Limited,$24678
Certified Pre-Owned 2024 Honda Accord EX,$29997
Certified Pre-Owned 2025 Honda CR-V LX,$30667
Used 2021 Ford F-150 XL,$33678
Used 2026 Subaru Outback Premium,$34197
Certified Pre-Owned 2026 Honda CR-V EX,$35347
Used 2022 Toyota Camry TRD V6,$35678
Used 2020 Dodge Charger Scat Pack Widebody,$37478
Used 2025 BMW i4 eDrive40,$39978
Used 2021 GMC Yukon AT4,$43678
Used 2023 Ford F-150 XL,$49678
Used 2023 LEXUS GX GX 460 Premium,$56678
Used 2022 GMC Sierra 2500 HD Denali,$58678
Used 2022 Chevrolet Corvette Stingray 2LT,$61678
Used 2026 Toyota GR Supra MkV Final Edition,$73343
Used 2023 Dodge Challenger SRT Hellcat Redeye Wide Jailbreak,$89678
Used 2010 Scion tC,$6888
Used 2010 Audi S5 Prestige,$8289
Used 2016 Dodge Charger SE,$9178
Used 2020 Volkswagen Tiguan 2.0T SE,$12977
Used 2021 Chevrolet Equinox LT w/1LT,$20197
Used 2023 Chrysler Pacifica Touring L,$20517
Used 2025 Nissan Sentra SR,$20673
Used 2025 Kia K4 LXS,$20918
Used 2020 GMC Acadia AT4,$21897
Used 2024 Kia Sportage EX,$22257
Used 2025 Hyundai Tucson SEL,$22677
Used 2024 Volkswagen Tiguan 2.0T SE,$24297
Certified Pre-Owned 2024 Honda HR-V EX-L w/BSI,$24947
Used 2018 Chevrolet Silverado 1500 LTZ w/1LZ,$25163
Used 2022 Dodge Challenger GT,$25197
Certified Pre-Owned 2020 Honda Odyssey Elite,$26657
Used 2024 Honda CR-V LX,$26693
Certified Pre-Owned 2024 Honda HR-V Sport w/BSI,$27627
Certified Pre-Owned 2024 Honda CR-V Hybrid Sport-L,$28677
Used 2024 Jeep Wrangler 4xe Sport,$30273
Used 2022 Nissan Frontier PRO-X,$30597
Used 2024 Jeep Wrangler 4xe Sport,$30693
Certified Pre-Owned 2024 Honda Ridgeline RTL,$31197
Used 2017 Nissan Titan XD Platinum Reserve Gas,$31558
Certified Pre-Owned 2024 Honda Ridgeline TrailSport,$31997
Used 2021 Toyota Avalon Touring,$32697
Used 2024 Toyota RAV4 XLE,$32917
Used 2017 Toyota Tundra Limited 5.7L V8 w/FFV,$34347
Used 2023 Lincoln Nautilus Reserve,$35362
Used 2019 Ram 1500 Rebel,$35697
Used 2023 Lincoln Nautilus Reserve,$36338
Used 2026 Chevrolet Colorado Trail Boss,$38678
Used 2020 Ford F-150 Limited,$39127
Certified Pre-Owned 2025 Honda Pilot TrailSport,$44447
Used 2023 Chevrolet Suburban Premier,$45593
Used 2026 Chevrolet Traverse RS,$50647
Used 2010 Ford F-150 XL,$7999
Used 2003 Toyota Tacoma Base V6,$14298
Used 2016 Toyota Sienna XLE,$17086
Used 2015 Ford F-150 XLT,$17178
Used 2025 Honda Civic Sport,$28197
Used 2022 GMC Sierra 1500 AT4,$44365
Used 2024 Jeep Wagoneer Series II Carbide,$48191
Certified Pre-Owned 2026 Mercedes-Benz GLC 300,$None
Used 2018 Honda Odyssey EX-L,$15497
Used 2026 Mercedes-Benz G-Class AMG G 63,$None
Used 2024 Mercedes-Benz GLE GLE 350,$None
Certified Pre-Owned 2021 Mercedes-Benz GLC 300 4MATIC,$None
Used 2022 Mercedes-Benz S-Class S 500 4MATIC,$None
Used 2024 Mercedes-Benz E-Class E 350 4MATIC,$None
Used 2024 Mercedes-Benz GLE 350 4MATIC,$None
Used 2023 Kia Sorento X-Line SX Prestige,$None
Used 2024 Ram 1500 Big Horn,$None
Used 2021 Chevrolet Silverado 1500 LT Trail Boss,$None
Used 2022 CADILLAC Escalade ESV Sport,$None
Used 2018 Ford EcoSport S,$None
Used 2019 Hyundai Sonata SEL,$None
Used 2025 Hyundai IONIQ 6 Limited,$None
Used 2026 Mercedes-Benz GLE 450 4MATIC,$None
Used 2025 Volkswagen Golf GTI 2.0T SE,$None
Used 2026 Mercedes-Benz GLC 300,$None
Used 2026 Mercedes-Benz E-Class,$None
Used 2023 Tesla Model Y Performance,$None
Used 2020 Tesla Model 3 Standard Range,$None
Used 2023 Jeep Gladiator Sport S,$None
Used 2021 BMW X3 PHEV xDrive30e,$None
Used 2021 Kia Forte LXS,$None
Used 2025 Toyota Camry SE,$None
Used 2023 Jeep Wrangler Sahara Altitude,$None
Used 2025 Mercedes-Benz GLS 580 4MATIC,$None
Used 2024 Acura MDX FWD,$None
Used 2021 Chevrolet Tahoe LT,$None
Used 2021 Mercedes-Benz GLE 450 4MATIC,$None
Used 2023 Lincoln Nautilus Reserve,$None
Used 2018 Ford F-150 Raptor,$None
Used 2023 GMC Sierra 1500 Denali,$None
Used 2026 Jeep Grand Cherokee Limited,$None
Used 2011 Ford Explorer Limited,$None
Used 2024 Volkswagen Tiguan 2.0T SE R-Line Black,$None
Used 2017 Jeep Compass High Altitude,$None
Used 2023 GMC Sierra 1500 SLT,$None
Used 2024 Lincoln Aviator Reserve,$None
